date,eco_net_debt_R$,eco_net_debt_R$_federal_govt,eco_GDP_R$_12_months,Coffee,Iron Ore,Meat index,Soybeans,Sugar,bud_group_personal_spent_value,bud_type_mandatory_spent_value,exp_DIC_y,exp_trade_balance_y,CNY,EUR,USD,eco_total_revenue
2001-01,0.0,0.0,0.0,0.0,0.0,0.0,0.0,0.0,0.0,0.0,0.0,0.0,0.0,0.0,0.0,0.0
2001-02,0.0015399002450821042,0.0017406819625086778,0.0,0.006594088738903214,0.0,0.016707261995601908,-0.017164633391722084,-0.026578802827625148,0.0,0.0,0.0,-0.009243697478991595,0.013709504726360566,0.009800426194574219,0.01757798600403271,-0.01919169255918403
2001-03,0.0020208706864619647,0.0016519959657654987,0.0,-0.0024768735516698115,0.0,0.06294399860564637,-0.006628417505736728,-0.024789971281688306,0.0,0.0,-0.007170795306388533,-0.008763505402160865,0.021579124476123424,0.0020736005245471922,0.0276123828727316,0.008274918629662897
2001-04,0.0006051759934839196,0.0011013994364472285,0.0006554497935687409,-0.0027153783109040708,0.0,0.0011108667891294166,-0.012415916372686242,-0.02565108649598652,0.0,0.0,-0.009778357235984358,-0.003001200480192076,0.004290434090978623,0.008194000491762998,0.005479777013402853,0.007731511054515958
2001-05,0.002807544405962245,0.002761854945490555,-0.0003363492361734277,0.014764293366180403,0.0,0.03216897387742135,0.011327668722490525,0.034409700658555586,0.0,0.0,-0.022164276401564487,-0.0030012004801920796,0.03248034507020714,0.012232603884927418,0.04158462815798847,-0.0030126513045556497
2001-06,0.0007480680546708973,0.0006812220017226867,-0.003070358002643575,-0.023505920656563206,0.0,0.014787726333108986,0.013702027232008474,-0.009198395846088614,0.0,0.0,-0.013037809647979182,0.0021608643457382976,-0.010186913028847666,-0.007732972707155117,-0.01307081010556288,0.0014747375300106919
2001-07,0.0035058974382696784,0.0032849195066863984,-0.0011862349165687736,-0.01992916182625734,0.0,0.006465554703441012,0.03536804863135784,-0.008035591210666326,0.0,0.0,-0.026075619295958252,0.003841536614645858,0.02338860167028667,0.034675436439636054,0.02998458071403154,0.0030250048363354848
2001-08,0.0028634071240800085,0.002566123114694646,0.0009184973216093961,0.0015843967167765705,0.0,0.010726314346725219,-0.00840918638787519,-0.023496012097708963,0.0,0.0,0.010430247718383329,0.002400960384153661,0.02229955030744285,0.04052536677321539,0.028561262009251576,-3.276424911087539e-05
2001-09,0.0021980109892590916,0.0019521238174032979,0.0015505485473278346,-0.004324453089349478,0.0,-0.016386020409164703,-0.022408008433573268,-0.028360236868035182,0.0,0.0,-0.010430247718383329,0.009603841536614647,0.022152711921441526,0.021561757233013623,0.028371486181947625,-0.006521909265442147
2001-10,0.0017977806307313826,8.750224477242774e-05,0.0006654925417168556,-0.007716672878626707,0.0,-0.044141489720845306,-0.02522755916362629,-0.022311755644821407,0.0,0.0,0.007822685788787503,0.014405762304921972,0.006629141301355224,0.001194574215228228,0.008492468271853904,0.012476451773155414
2001-11,-0.0013347698857659601,-0.0025455028562698795,-0.00039468000222142585,0.010076268471508387,0.0,-0.04228901538609797,0.004155127391656355,0.02670266828501816,0.0,0.0,0.005215123859191623,0.004801920768307322,-0.03305699164856685,-0.03504425866732225,-0.04232000948879133,-0.00743767365113851
2001-12,0.001781227946964975,0.0011563329263400701,-0.0003175786151501381,-0.009192885787978694,0.0,-0.014547492763675174,-0.005193909239570027,0.005393479761463538,0.0,0.0,0.010430247718383301,0.004921968787515003,-0.03853895805928598,-0.042416605196295476,-0.04941288103427832,0.022412137612673286
2002-01,0.0032579334705964413,0.002973479814670152,-0.00017195876700229484,0.006735950693800313,-0.0015260727851214503,0.03436192734616206,-0.00019786320912651423,-0.0042663597059250935,0.0033673508501179117,0.004336151763047254,-0.04954367666232071,0.032292917166866754,0.01813454067117376,0.003860339316449468,0.023223816866326685,0.0047809505089571325
2002-02,-0.0008379994692264969,-0.0007595462748007792,8.965999893070786e-05,0.003546973696963468,0.0,0.007757537641874257,0.00029679481368971583,-0.06360764302549565,0.0033673508501178284,0.0043361517630472746,0.013037809647979126,-0.002400960384153661,-0.012981431062436877,-0.007843619375460964,-0.016629106867512844,-0.02272159068455991
2002-03,-0.0005743028558332502,-8.531775511587403e-05,0.0002401562742720964,0.020130895745919253,0.0,-0.007077908763246876,0.018302346844199013,0.007313007732725474,0.0033673508501179117,-6.938893903907228e-18,0.0,-0.002400960384153661,-0.004600936094710795,-0.003721006474879107,-0.0058356066895978165,-0.0010492824181015936
2002-04,0.0012788985356687599,0.0010170123284399535,0.0003449735755624572,0.005145367063300765,0.0,-0.0409985052971128,0.005738033064667525,-0.03000978435020546,0.003367350850117884,-1.3877787807814457e-17,0.011734028683181214,0.0,0.007207317446235761,0.021188836980575387,0.009227849602656768,0.012234038721353105
2002-05,0.003958081954626533,0.0037311122273208652,-4.8381198037295015e-05,-0.015750417820294044,0.0,-0.0022470349465082418,0.01137713452477257,0.016908442536424872,0.003367350850117856,0.0,-0.005215123859191623,-0.0036014405762304913,0.02957875738015847,0.047190804032456346,0.03783655556873444,-0.006786427216034896
2002-06,0.0068504977087990165,0.006761591256951235,0.0005553743259401056,-0.011803253665806646,0.0,0.01296765940341249,0.018797004867015243,-0.013600295847535804,0.0033673508501179117,1.3877787807814457e-17,0.0,0.004201680672268893,0.05966227171219679,0.095223752151463,0.0764796584035109,-0.004195029799008307
2002-07,0.01308623792694022,0.010483944109080628,8.024880504750587e-05,-0.00844371592324486,0.0,0.034193101572046136,0.05109817375691239,0.02315928131365158,0.003367350850117856,-1.3877787807814457e-17,-0.006518904823989591,0.006602641056422581,0.10818624001957844,0.1092861240881895,0.13856007591033104,0.02033581909348453
2002-08,-0.008211612395803508,-0.0060165673603574665,-0.0006159103552411949,-0.008586705900111652,0.0,-0.04624154664044977,-0.0018797004867016631,0.003014712067956282,0.0033673508501179117,0.0,-0.0026075619295957975,0.019207683073229287,-0.07522408149530424,-0.07872715351200721,-0.09635867631360462,-0.013358664926759023
2002-09,0.01750757059556049,0.016139398974741134,-0.0005509637994337568,0.02560652316980619,0.0,-0.05141891384519037,0.0,0.022842192929613425,0.003367350850117856,2.7755575615628914e-17,-0.010430247718383329,0.020408163265306117,0.16153752026675638,0.18030694205393005,0.20699798363183486,0.018342136301782788
2002-10,-0.0037003500390235256,-0.0037081127831917055,-0.00015492750854489978,0.020578669229196378,0.0,0.018009985693352104,-0.017510894007693012,0.024348877156060933,0.003367350850117884,-2.7755575615628914e-17,-0.012385919165580184,0.03361344537815125,-0.046247973324359926,-0.04901647405950338,-0.05928122405408609,0.004301734423175052
2002-11,0.002416783328875821,-0.0006531487785873119,0.0005577555961195357,0.016810265201827268,0.0,-0.024686336480762905,0.021814418806193836,0.011985603293865277,0.0033673508501179117,1.3877787807814457e-17,0.005867014341590621,0.018007202881152484,-0.0015892196151610083,0.00155315138103429,-0.002016368165104976,-0.010602937681203212
2002-12,0.001399856737108962,-0.0008630642164670077,-1.0487942138259765e-05,-0.02524118935592856,0.0,0.021623208336369548,-0.004254058996218779,0.007350190106920118,0.003367350850117856,1.3877787807814457e-17,0.006518904823989563,0.0012004801920768027,-0.019330661690476925,0.016238423080075504,-0.024481081722215525,0.020824843028667855
2003-01,0.0031444160354300033,0.0006977088630522182,-0.0007246722823505691,0.007019413055449009,0.0056120095968990105,0.02169196961617048,0.0009279374603034518,0.01472235200902472,0.0010811401640110074,-0.0029311167359183377,-0.039113428943937406,0.03481392557022811,-0.0011364679249900034,0.019789361527743576,-0.0017791483809751485,-0.00012077487281308974
2003-02,0.0024888154708730126,0.002069278270258934,0.00010703291789210256,0.004164841039583811,0.0,0.003231283994811318,0.0020235566730815724,0.017986461883704286,0.0010811401640109797,-0.0029311167359183238,0.0,0.006002400960384152,0.006870812811649141,0.01146627325629046,0.008872019926462027,-0.023126791051987214
2003-03,-0.0021754072879080766,-0.0031405523872267554,0.0008415615881159078,-0.01893603254689863,0.0,0.00021933942826757313,0.001311518598456074,-0.019205752825938838,0.0010811401640110074,0.0,0.0,0.0036014405762304913,-0.03889381749212273,-0.038375952790754786,-0.04983987664571232,-0.004858608218422961
2003-04,-0.0077692458928571295,-0.009390601195092232,0.0005652721272077221,0.01196270358631385,0.0,-0.004464268625462675,0.024739852155530262,-0.0230647336942556,0.0010811401640110352,-1.3877787807814457e-17,-0.013037809647979154,-0.003361344537815142,-0.08576585395698866,-0.08851938365707734,-0.10990392598742738,0.024339526757038307
2003-05,0.0031872651813500963,0.003003523361809493,-0.0008156989232972756,0.005706911695369743,0.0,0.04655025700767301,0.023053472286589383,-0.00997011427311062,0.0010811401640109797,0.0,-0.006518904823989563,-0.00024009603841534943,0.014056716326593,0.0541656421604787,0.01798125963705366,-0.013503854743945762
2003-06,0.0002189760543314101,0.00021716397174011137,-0.0014993926518640788,-0.020519641177817627,0.0,0.034151067940135005,-0.005680933301517865,-0.024031651523283737,0.0010811401640110074,1.3877787807814457e-17,-0.019556714471968717,0.009603841536614643,-0.01737740524335396,-0.038464060322924376,-0.02220377179456756,-0.010322725520387377
2003-07,0.004034737384809639,0.003781920107960357,5.721260439847664e-05,0.007738873115763989,0.0,-0.019347711539789758,-0.03390659859396544,0.011814347209806009,0.0010811401640110074,0.0,-0.013037809647979126,0.008403361344537813,0.017325399981645173,0.005425784771739939,0.022180049816154623,0.018294062820823007
2003-08,0.002055319189994992,0.002772890317481097,0.0007519222958823624,0.003819887714858028,0.0,0.008347782580772511,-0.012520663943144938,-0.0011612807401855108,0.0010811401640110074,6.938893903907228e-18,-0.009126466753585388,0.010804321728691474,0.0001988436477102784,-0.01569953282517822,0.0002372197841300494,-0.0151142584658744
2003-09,-0.0039519549756228955,5.438444703798062e-05,0.0014044213850983311,0.010235239269462348,0.0,0.021265073712642857,0.05057255383506715,-0.017070227892116874,0.0010811401640110074,0.0,0.004563233376792694,0.025210084033613467,-0.007975159839701429,0.031220801573641488,-0.010224172696002842,0.004775721739279801
2003-10,-0.0006548841102638203,-0.000712579747184805,0.0007657129562260168,-0.008642273409513734,0.0,-0.01860070487690013,0.08031010353272833,-0.007054817373333522,0.0010811401640110074,-6.938893903907228e-18,0.004563233376792694,0.021608643457382948,-0.012417021016243979,-0.021401934267682998,-0.015941169493535856,0.021992009444969707
2003-11,0.002991593745099913,0.002542037266618641,-0.0008794134306205903,-0.008150637461084298,0.0,0.005866776884105418,0.02311689774424719,0.003071046263397048,0.001081140164010952,0.0,0.0,0.014405762304921965,0.017232096423873466,0.04721539218096882,0.022108883880915697,-0.009999790814364085
2003-12,0.0036036908596955297,0.0015936202497471852,-0.0014137083387981697,0.010592074680529695,0.0,-0.007029028987952879,0.00746125387364438,0.004615994472321416,0.001081140164011063,0.0,0.005215123859191664,0.00600240096038418,-0.011127596439169163,0.02280755675764279,-0.014280631004625732,0.03206254925960339
2004-01,0.0027766108444555737,0.0009065554196293762,-0.0011080671345910786,0.0290284829715467,0.012651635670202568,0.023825167558884308,0.038150511853277225,-0.011532760790791796,0.0028458727983136645,0.0002639283420875771,0.03389830508474574,-0.04321728691476595,0.009565909021383323,0.003616506843701406,0.012264262839520756,-0.013550318618946594
2004-02,-0.0011846597633746458,-2.373734215041501e-05,-0.00024073606179406126,0.01705258458722303,0.0,0.024005185683524277,0.03371304423294219,-0.005869535039614571,0.0028458727983136645,0.00026392834208760485,0.0013037809647979126,0.007202881152460983,-0.005024626020985634,-0.004770100811408939,-0.006428656149922829,-0.01999071642671607
2004-03,0.0005396316472307816,-0.000487919977603557,0.00103375079829493,0.007450358362829035,0.0,0.016185031216145007,0.09503185937798964,0.025302547501545924,0.0028458727983136645,2.7755575615628914e-17,0.007822685788787476,0.03601440576230497,-0.0009682156076967763,-0.012722317842799757,-0.0012335428774760127,0.006206403319337417
2004-04,0.0007744542894107531,0.0004868919824710799,0.0010232421494595356,-0.010244898196571484,0.0,0.012613393646394022,0.00609341436248978,0.013775390705468127,0.00284587279831372,-2.7755575615628914e-17,-0.0013037809647979126,0.012004801920768304,0.006678087430022406,-0.010570854847963274,0.00856363420709294,0.01228382709685183
2004-05,0.004000421813759897,0.002814109417765387,0.0008575368050154075,0.007729263898097749,0.0,0.09619755198816993,-0.0336710706793093,-0.009966493807859078,0.0028458727983136645,2.7755575615628914e-17,-0.007822685788787476,0.012004801920768304,0.03416439780966063,0.059294320137693646,0.043743328193571296,-0.011280362884278444
2004-06,0.0009100160736607021,-0.0002848714693305249,0.00028539005433309006,0.019399805970279294,0.0,0.011734040257414313,-0.05953289217374891,0.03225041140133633,0.0028458727983136645,0.0,-0.0226857887874837,0.01992797118847539,-0.003986050353329884,-0.005212687484632439,-0.005123947337208001,0.009655015478670287
2004-07,-0.000269357465507325,-0.0005819542747804163,-0.00044592907782267655,-0.0294450786923231,0.0,0.014476706177201315,-0.06557011497525589,0.025970732613190828,0.0028458727983136645,-5.551115123125783e-17,-0.0033898305084745783,0.01728691476590638,-0.014963749273455784,-0.03179862306368331,-0.019143636579290635,0.007559366253108185
2004-08,0.00012471656528662,-0.00015572179296859112,-4.874356523848489e-05,-0.005524068893479506,0.0,-0.0014280137140428861,-0.13783093565704796,-0.011750399168616532,0.00284587279831372,5.551115123125783e-17,0.0,0.02220888355342132,-0.017201505093456526,-0.012751004016064327,-0.0220614399240896,-0.009503071241672684
2004-09,-0.0006002177844958712,-0.0008686325234346925,-0.0011920224384396882,0.02786413486991629,0.0,-0.0075444529038365404,-0.041660177544460886,0.03247376429212173,0.0028458727983136645,0.0,0.0638852672750978,0.012605042016806733,-0.013925173605800145,-0.004200475370871204,-0.017838927766575807,0.005460974894409859
2004-10,0.0012307838822927242,0.0009554708546840457,-0.001159388683632634,0.0003455456318558481,0.0,-0.029299249462691246,-0.02802782184413727,0.010164381739616812,0.0028458727983136645,-2.7755575615628914e-17,0.0013037809647979126,0.01140456182472993,-0.00038239163021203115,0.02054749610687645,-0.0004981615466730371,0.010298098498745023
2004-11,-0.0007039966204626658,-0.0004151971098212831,0.0005787004203500479,0.03948094103447136,0.0,0.012510770742617972,0.005134508539514138,-0.011419811458811102,0.0028458727983136645,2.7755575615628914e-17,0.013037809647979126,0.0006002400960383736,-0.02329529811251485,-0.00478854192279321,-0.029842248843553465,-0.015711822418753796
2004-12,0.0027380707826698547,0.0020803915206685925,0.0013659069282828118,0.05737417615632395,0.0,-0.015961685642904344,0.005972987915691785,0.0052520383244834545,0.00284587279831372,0.0,0.0026075619295958252,0.0,-0.01412860595307297,-0.003016146217523108,-0.018099869529118795,0.054775445281744606
2005-01,-0.0004476941606542384,0.000420111238068302,0.00037195440203058316,0.01127947023836201,0.05769539690847173,-0.004624300100065981,-0.006302255940381585,0.005088466013556614,0.0012515590454891812,0.0005361581549282735,-0.038461538461538464,-0.078031212484994,-0.005481966410719186,-0.039857388738627986,-0.0070217056102479525,-0.026722342094019857
2005-02,0.000499237436262262,0.0007630430158196561,-0.0010957777097953814,0.05553632437421177,0.0,-0.013063972278441138,0.004144820242126868,0.014704084657755856,0.0012515590454893477,0.0005361581549282735,0.009778357235984358,0.00600240096038418,-0.005517146440698728,0.0031513810343414272,-0.007069149567073829,-0.028907812843897096
2005-03,0.0015700845507737593,0.0012042184193017669,-0.0010330985373327162,0.05666227766701326,0.0,0.004871830625894358,0.07665534333671303,-0.015802714401390694,0.0012515590454891812,2.7755575615628914e-17,0.0,0.030012004801920733,0.013184863409709702,0.004093926727317454,0.01689004863005572,0.010952354104467682
2005-04,-0.0023386570093968384,-0.0021616148178987687,0.000472164463191066,-0.0213247620794228,0.0,-0.008798991399012412,-0.00951104542640624,-0.012477177387071825,0.0012515590454891812,2.7755575615628914e-17,0.006518904823989563,0.0540216086434574,-0.024980880418489393,-0.04039218096877306,-0.032000948879136515,0.019131175030025926
2005-05,-0.0007126372318780327,0.0006836673840833057,0.0006755456432135376,-0.004598685554618176,0.0,0.034195616809620244,0.010118279213647718,0.0013500113554189008,0.0012515590454893477,-5.551115123125783e-17,0.006518904823989591,0.012004801920768304,-0.023610388815809513,-0.061714203753790664,-0.030245522476574527,-0.021304492141835135
2005-06,0.0013208896628329192,0.0021335221251586184,-9.959921359270485e-06,-0.029424762825446038,0.0,-0.04185006836622651,0.045832019261887735,0.01767073556162896,0.0012515590454891812,0.0,0.0,0.0010804321728691835,-0.010942518890146635,-0.02379927874764365,-0.012667536472541818,0.020275898957767297
2005-07,0.0016694662564158413,0.0015577864421456311,-0.0005222332570512245,-0.04561861946560877,0.0,0.0026705078463910015,-0.003003623260729671,0.020702433469388215,0.0012515590454891812,5.551115123125783e-17,0.0052151238591916504,0.022929171668667425,0.016909357887974596,0.011027784607819058,0.009512513343612805,-0.002258503993027988
2005-08,0.0010101642990767157,0.0014358794587626539,0.0001150567630620325,-0.007007586031874069,0.0,0.004498465462107859,-0.049366241298261115,0.010119949508342385,0.0012515590454893477,-2.7755575615628914e-17,0.00456323337679268,0.03601440576230491,-0.004738597081587026,0.003120645848700865,-0.006357490214683792,-0.005385865301750947
2005-09,-0.0007556175838855927,0.0010722378624045265,0.0004045674501404195,-0.035402445679347194,0.0,-0.00840301572105795,-0.0396538893253513,0.03686414973223523,0.0012515590454891812,0.0,0.0032594524119947954,0.01200480192076836,-0.026316191991189786,-0.049823784935660975,-0.03356659945439455,-0.005477965016086189
2005-10,0.0011015458861775573,0.0011127404812328323,0.00046313634320638286,0.022786839152773797,0.0,-0.026116871055216873,-0.0018276966177350196,0.033389758291579086,0.0012515590454891812,0.0,0.0,0.012004801920768249,0.006462418550582771,0.006198262437505098,0.007614755070572854,0.01888132157595998
2005-11,0.0008839526749517546,0.0014109174784714684,0.00012375357589131109,0.010739881884781255,0.0,-0.026548713395984858,-0.000574688111762256,0.00726623978447849,0.0012515590454893477,-2.7755575615628914e-17,0.0,0.01200480192076836,-0.00873688396708372,-0.020389722153921763,-0.011220495789348917,-0.009610293277184018
2005-12,0.004676651082772959,0.0025838716064140455,-0.00010737457839612996,-0.007385741058181738,0.0,-0.0030217325631964886,0.012153240396281129,0.0817660055391537,0.0012515590454891812,2.7755575615628914e-17,-0.006518904823989563,0.013925570228091155,0.025868029000581272,0.03412835013523485,0.03171628513818059,0.05655657203707923
2006-01,0.00213675155759796,0.0019763634753570958,0.00018024144588740798,0.07425079964043532,0.02628783442758048,-0.02889054764426402,-0.005457181782593579,0.09146207167471343,0.0036946988291088334,-0.0003789954746842572,-0.006518904823989563,-0.049939975990396124,-0.02318669888953473,-0.014379968855011915,-0.029581307081010477,-0.03445086869469835
2006-02,0.0002185807096732606,0.0012069071717221713,-0.0005633567577155163,-0.020629285295718502,0.0,0.011716344903209386,0.0007679449638406943,0.07383766012203402,0.0036946988291090554,-0.00037899547468428496,0.0,0.0,-0.01430603566949129,-0.03343578395213509,-0.019096192622464758,-0.026458769247201225
2006-03,0.0014116065875172112,0.0010452549371369468,-0.0003723478292776139,-0.022189254792322116,0.0,-0.011754509317990602,-0.00355710749058058,-0.04032109064277062,0.0036946988291088334,2.7755575615628914e-17,0.0007822685788787531,0.0,0.00834225580470499,0.019883616097041257,0.008753410034396891,0.007479021681148501
2006-04,-0.0022044366347512,-0.0007856530678531926,-0.0008301418446031716,0.006814206740020312,0.0,-0.011469929492816666,-0.00820937127742244,0.016100409871713794,0.0036946988291088334,0.0,0.0,0.004441776710684353,-0.015684175104775322,0.0007007622326038465,-0.01973668603961576,0.02403601946122244
2006-05,0.004027717859132279,0.0007029929137900848,0.0005879356073069664,-0.02319232863689613,0.0,0.054773879867849096,0.018206330341512755,-0.022035655456387415,0.003694698829109,-2.7755575615628914e-17,0.00573663624511081,-0.004441776710684353,0.039863562666340335,0.06386976477337925,0.05012454038666825,-0.024759202514342826
2006-06,-0.0008091013284707849,0.0013627146309518334,0.0007311327718809435,-0.026329443772099115,0.0,0.04025573553354311,-0.0018345483388890194,-0.04688267279888947,0.0036946988291088334,2.7755575615628914e-17,-0.0006518904823989702,0.0,-0.024567897457860366,-0.0368248504220966,-0.03230933459850549,0.023440118535850596
2006-07,0.0012746688657451488,0.0011444876187906017,0.0007847631176616243,0.007509043419053063,0.0,-0.007019755546928574,0.001610625526935916,0.003598876646047633,0.0036946988291088334,0.0,-0.005867014341590593,0.0,0.0035990700235553064,0.002092041635931574,0.0028229154311469884,-0.004890676628438034
2006-08,0.0007898554671203484,0.0013002425100873405,0.00039381032093843693,0.02735483103838804,0.0,0.02503862458191375,-0.028877831847787583,-0.11318767012781927,0.0036946988291090554,-2.7755575615628914e-17,0.013037809647979126,0.02436974789915969,-0.006393588057144628,-0.007853864437341262,-0.008872019926461916,-0.0090702822993452
2006-09,0.0020290279070289685,0.001452169677083892,-0.0005406311575246736,-0.007733573324404774,0.0,-0.02244368790631668,-0.009770885779874006,-0.026237515815081935,0.0036946988291088334,0.0,-0.003650586701434144,0.01164465786314528,0.00944201413319462,0.0035898696828129406,0.008397580358201817,0.015994994749072095
2006-10,1.3465887920088848e-05,0.0005740710318040965,0.00028856853235531554,0.0032770108904479067,0.0,-0.024604983814025316,0.04001473670941341,-0.03328744034147468,0.0036946988291088334,2.7755575615628914e-17,-0.0015645371577575062,0.012004801920768249,-0.004695769219003276,-0.004507827227276495,-0.007401257264855854,0.00888158947272405
2006-11,0.0021773184081552432,0.0012353483703879398,-0.00035726300035821,0.04726394084019567,0.0,-0.0022461189272030557,0.05624363778742614,0.006992541228272975,0.0036946988291090554,0.0,0.0052151238591916504,0.01200480192076836,0.007010003365046258,0.028378821408081345,0.005645830862293866,-0.01963553284532893
2006-12,0.0029208961071235107,0.002720715670585905,-0.00032110910702493056,0.02474771607001791,0.0,-0.003512250755905,-0.0014913627556059073,-0.0018344956862859085,0.0036946988291088334,-2.7755575615628914e-17,0.0,0.0,-0.004022759949830146,-0.01102368658306696,-0.006831929782943891,0.06312419519386095
2007-01,0.0019648128856089575,-0.00011305610104900277,-0.000374004365054581,-0.014878701560600116,0.015654553086087014,-0.008667664947956233,0.027050852054140817,-0.029571926152576533,0.0029414103765387223,5.638419756903712e-05,0.013037809647979126,-0.07202881152460988,-0.0008825598825292769,-0.011388410786001169,-0.003155023128928902,-0.03076404957626827
2007-02,0.0015232992222308228,0.0016033784156639919,-0.0001213723057118532,-0.010817580802861548,0.0,0.029115739705590116,0.04775167318984319,-0.010484425462449376,0.0029414103765385002,5.6384197569009364e-05,0.006518904823989591,0.0,0.00038545076325363636,0.007946069994262728,-0.001541928596844988,-0.034510896418269155
2007-03,0.0002590646932279228,0.0024718902275490395,0.0006751108025721264,-0.020106059378793617,0.0,-0.016332605482374363,-0.0023234772434482798,-0.00758687347291781,0.0029414103765387223,0.0,0.006518904823989563,0.005402160864345806,-0.012663281226100498,-0.01322022785017618,-0.016083501364013764,0.014599200787485
2007-04,-0.0010858115140616742,-0.0004348185775207569,0.0005578384229083799,-0.009706411098338502,0.0,0.02199988368464023,-0.014144907265873918,-0.02948821357426651,0.0029414103765387223,2.7755575615628914e-17,0.01564537157757495,0.006602641056422498,-0.002298938480834567,0.007696090484386464,-0.0039141264381448715,0.024971209420460938
2007-05,-0.00021455302806841492,0.0035908590353516956,-0.0001188357353033298,-0.005557630414950554,0.0,0.039292184704805444,0.027598261751059283,-0.01922054362117459,0.0029414103765385557,0.0,0.010430247718383301,0.02400960384153661,-0.017787329070941327,-0.0370379477092041,-0.024908077333649636,-0.024314210736384873
2007-06,0.000452455560511128,0.0004964145661700281,-0.00035966497723491364,0.024383667054044683,0.0,0.011335718729202582,0.042263557238554794,0.007570907228582724,0.0029414103765387223,0.0,0.0,0.0024009603841537164,0.0012618923796996473,0.002372756331448178,-0.0006404934171510557,0.01637109595834349
2007-07,0.0004734796096253491,0.0020731215702429473,-0.000742014141266123,-0.006886727081305333,0.0,-0.013730433671681697,0.0229309977709673,0.02384313690627715,0.0029414103765387223,0.0,0.06518904823989569,0.015606242496998823,-0.007872678882804574,-0.007745266781411297,-0.011528881508717781,0.00514092956157558
2007-08,0.002266481576541024,-0.001188083957818803,-0.0005794872748440816,0.022419321947217075,0.0,-0.0009361475585810686,-0.009626742696103863,-0.00894913440505457,0.0029414103765385002,-2.7755575615628914e-17,0.030638852672751016,-0.009603841536614643,0.01861941325828259,0.02165601180231136,0.020021349780571684,-0.006995429433589606
2007-09,0.00034834525653401616,0.0037599214015170135,-0.0005324934255200864,0.019879605718007065,0.0,-0.034732251583395324,0.08303856237748308,0.006914293812805172,0.0029414103765387223,0.0,0.00847457627118639,-0.008403361344537896,-0.0224112086634648,-0.0105565117613311,-0.029201755426402576,0.0016857015690139587
2007-10,0.0046178914723565,0.002006710748331031,0.0003028665067805192,0.02538414568332581,0.0,-0.036681973256462275,0.02334960147979004,0.003490216454662909,0.0029414103765387223,2.7755575615628914e-17,0.052151238591916615,-0.013205282112845107,-0.017998409250818304,-0.021082288337021637,-0.022512157513936648,0.026923132044224585
2007-11,0.0014824457899563492,-0.001324708015456616,0.0005428985408694187,-0.013186683900241913,0.0,-0.029763838121152464,0.0659318411670311,-0.004475148262914175,0.0029414103765385557,-2.7755575615628914e-17,0.01303780964797907,-0.004201680672268893,0.012045336351677927,0.020418408327186333,0.009417625429960885,-0.009922682300714109
2007-12,0.0034777968924138425,0.0028055681021474654,0.00013924218540639632,0.028431659930330033,0.0,0.015329732156079023,0.07336930069468128,0.02163486859828001,0.0029414103765387223,0.0,0.026075619295958363,-0.006602641056422609,0.001495916057389357,-0.0024260306532251086,-0.0029415253232119576,0.05625265146087399
2008-01,-0.0014200055035084036,-0.0028285948037233,0.00024180245670052392,0.0072314391240440035,0.11898444908513389,-0.015265123941209713,0.08320965696903238,0.04679536716862959,0.004481739104042148,0.0007247881367140885,-0.09126466753585405,-0.12004801920768304,0.003973813821163019,0.001333907056798589,-0.0026094176254299883,-0.015714707926149485
2008-02,0.002428498651366323,0.002791121655399076,0.0007838520229842549,0.07097110444007815,0.0,0.06523188285692949,0.100151650926112,0.07473832199610198,0.00448173910404237,0.000724788136714033,0.013037809647979182,0.0,-0.012856006607727344,-0.011935497090402425,-0.018265923378009696,-0.06074780546339806
2008-03,-0.001975887715225305,-0.0027307892441001402,0.0002558415974107664,-0.03278593945009778,0.0,-0.06265227508694471,-0.026975954177278494,-0.026909425924745878,0.004481739104042148,0.0,0.013037809647979182,-0.03385354141656666,0.019491266175165944,0.04174862716170813,0.015609061795753776,0.011315262895919415
2008-04,0.0019619902283334045,0.0016341189746545137,-4.01709925929028e-06,-0.0346017030325082,0.0,0.036066922093905274,-0.027782615873351846,-0.013880869652877492,0.004481739104042148,0.0,0.0,-0.026170468187274865,-0.01218605647159593,-0.025680272108843605,-0.014683904637646794,0.03737967341459936
2008-05,0.00309088222536405,0.0031514865172724282,-0.0004361037499953646,0.0054409585289837414,0.0,0.1323786388096082,0.013564266721357576,-0.060214968528222446,0.00448173910404237,-2.7755575615628914e-17,0.03911342894393732,-0.012004801920768304,-0.010237388724035623,-0.02054134906974836,-0.013711303522713825,-0.03959764084152906
2008-06,0.006972184449303642,0.0012164628537492395,0.00043983095549360307,0.016682932552289476,0.0,-0.005353461009251381,0.13651197933497272,0.04644328164905248,0.004481739104042148,2.7755575615628914e-17,0.013037809647979182,-0.01140456182472993,-0.0038835693964330287,-0.00588681255634782,-0.008895741904874854,0.022804362209028428
2008-07,0.0022691143302689953,0.0013686625952127884,0.0008620612183564691,0.0049060084487928535,0.0,0.021933303792105896,0.0036121417456933536,0.0475142950495786,0.004481739104042204,2.7755575615628914e-17,-0.013037809647979182,-0.001680672268907557,-0.004473982073480376,-0.012787886238832868,-0.00600166053848894,0.027268732979497168
2008-08,-0.0010120581553649532,-0.0023151190228827,-0.00061274223056762,-0.0037741244370902427,0.0,0.042487896513207835,-0.17893912141607116,0.01812324172043034,0.00448173910404237,-2.7755575615628914e-17,0.026075619295958363,0.007082833133253308,0.014806203921808536,-0.009302516187197796,0.01608350136401382,-0.03488360644242147
2008-09,-0.007357956242276115,-0.008995035287772818,0.0003362560560358774,-0.012835582282207159,0.0,-0.08364787351064307,-0.08116291939066778,0.012439488223283002,0.004481739104042148,0.0,0.0,0.002400960384153661,0.06387316834409129,0.06036595361035979,0.06639781757798596,0.0074119138912866755
2008-10,-0.007082960367801178,-0.007715533747659875,-0.000784162623442497,-0.07997192441263146,0.0,-0.07366989614926733,-0.20374270574961295,-0.09282359962845044,0.004481739104042148,0.0,0.0,0.003601440576230519,0.044570038850989646,-0.00022948938611588865,0.04768117661012927,0.04326578497869521
2008-11,-0.0037108361676423396,-0.007360417891235871,-0.0015684494870681354,-0.006911281251748558,0.0,-0.06814927756327016,-0.02078035303775827,0.0020577811188237094,0.00448173910404237,0.0,0.0,-0.004801920768307322,0.0481094557802319,0.05539914761085163,0.051666468983513236,-0.0423671613561232
2008-12,0.004763991177101856,0.004581456950983692,-0.0024229527609419543,-0.012570751784467205,0.04520428782856897,-0.00613525942798776,-0.02223182921206246,-0.02126944241230494,0.004481739104042148,2.7755575615628914e-17,0.026075619295958252,0.004801920768307322,0.0018614824558719212,0.056513810343414406,0.0009251571581070372,0.04771028555190007
2009-01,0.0030478500814799525,0.004197759714739457,-0.0022237439804078662,0.036629909478072764,0.012437405638783372,0.015514244770565622,0.0988659682748868,0.037113639645323604,0.005731832199775078,-0.00028311015618651125,-0.18252933507170796,-0.1200480192076831,-0.006370644559331784,-0.055126628964838886,-0.00493417150990394,-0.02289732407235412
2009-02,0.0009788267609324164,0.00035823878103108386,0.0006431810754701783,0.006802675678820536,0.015166746829259448,-0.012726989493134333,-0.05049797825956104,0.03928800167122437,0.005731832199775133,-0.00028311015618656676,0.0,-0.012004801920768304,0.014266266939949146,0.010665109417260843,0.014755070572885831,-0.07098583453760932
2009-03,-0.00032678429829891,0.0020310555421506338,0.002865454880375984,-0.00390674120039336,-0.05669740796101724,0.008800338881901681,-0.016398287344981055,-0.013308156211666367,0.005731832199775078,5.551115123125783e-17,-0.013037809647979126,0.012004801920768304,-0.0136636177307351,0.011706007704286536,-0.01499229035701588,0.03640280835434609
2009-04,0.0036246510321619463,0.005240590686081015,0.0017192874229137178,0.026647029754301776,-0.02112335350666869,0.014576991639396075,0.08789216602869487,0.024503013454292955,0.005731832199775078,5.551115123125783e-17,0.0,0.03601440576230491,-0.0299565603108079,-0.04010941726088024,-0.03247538844739639,0.01822495250867398
2009-05,0.006504353607021174,0.007866575047638852,0.00021605367871663228,0.06263056352433005,0.014318786542707462,0.01755733645541102,0.10314097121893229,0.07756686968351545,0.005731832199775133,-5.551115123125783e-17,0.013037809647979126,0.03601440576230491,-0.04640551867600723,-0.01909474633226782,-0.04870122168188834,-0.03350972023603563
2009-06,0.0028664542128208903,0.0031909124669562694,-0.0009382825707961451,-0.0028889866278504206,0.0441508349752249,0.007841242202011212,0.04900492285837155,0.04381080237854762,0.005731832199775078,0.0,0.026075619295958252,0.02400960384153661,-0.004838018905442165,-0.010142611261372059,-0.005076503380381958,0.01797175213334737
2009-07,0.006511221209860418,0.004990947519643324,-0.00026358590216823963,-0.036095353249620654,0.06051657876636868,0.009417417053449006,-0.1012688668834737,0.04875361446824711,0.005731832199775078,0.0,0.0,0.013205282112845163,-0.017768974272691196,-0.014015244652077707,-0.018740362946269684,0.02005919316733451
2009-08,0.0010131164360438205,0.001298305284411494,0.0012157109000510147,0.036016288469005286,0.06751391662275263,-0.041446734401131446,0.023408477088859403,0.1561865548206594,0.005731832199775133,0.0,0.0,0.010804321728691502,0.003175380097280467,0.006054831571182695,0.003273633020993927,-0.02802510262789923
2009-09,0.006386164544583961,0.007399431085298336,0.0005542251042447432,-0.005086706097038096,-0.0834566392606389,0.0008950206735263144,-0.12902219164888773,0.07303032506311635,0.005731832199775078,0.0,0.0,0.022208883553421377,-0.024000428278625807,-0.020473731661339256,-0.0256909026212786,-0.0026750223552798325
2009-10,0.0011408956276343363,0.0010133695653852248,0.0013540109307341175,0.024632065139529646,0.029894915556046953,-0.0120921692774697,0.012519379245429008,-0.008292260478397484,0.005731832199775078,0.0,0.0,0.0018007202881152318,-0.007709015265073893,-0.006304811081058959,-0.008089194638832897,0.07420478138263778
2009-11,-9.161292414971989e-05,-0.00036408160942622003,0.001716523078835741,-0.0095963888062921,0.06139134444546018,0.026914989433309278,0.034120800526533435,-0.012017314352684938,0.005731832199775133,0.0,0.0,-0.012004801920768304,0.0014836795252226032,0.01145397918203428,0.001541928596844988,0.018858914738225596
2009-12,0.0033778851832343693,0.0025354857446094614,0.0015204824229751446,0.023295947970335185,0.02949102787517255,0.03905315814087362,0.01850555672434151,0.08784505891876981,0.005731832199775022,0.0,0.0,-0.009603841536614699,-0.0020832696013950436,-0.024358659126301085,-0.0022061439924089266,0.005517929272699784
2010-01,-0.003994015158622521,-0.005575793030733883,-0.0006704828557451137,0.002892171855989667,0.10173716645833564,0.043626811143075206,-0.04379203198117354,-0.11977207302037551,0.003996117065300342,0.0005029706953615376,0.16949152542372878,-0.17046818727490995,0.02993361681299528,0.01959675436439634,0.031692563159767484,-0.006155356529933487
2010-02,0.004428025905474947,0.004464541974266878,-0.002453640086211073,-0.0032473462069088077,0.008372302537729026,0.00964557092252638,-0.030811513871257024,0.002020711583612167,0.003996117065300231,0.0005029706953615376,0.0,0.0,-0.014235675609532261,-0.027872715351200728,-0.015134622227493788,-0.08310910296163629
2010-03,0.0032689893098579725,0.004135727606943029,-0.001078218430558997,0.027004291901816968,0.05983468126853975,0.04368744826058102,0.009236617923232382,-0.1525803047321146,0.003996117065300342,0.0,0.0,0.0,-0.006743858790418833,-0.012158839439390223,-0.007116593523899928,0.02480300061714455
2010-04,0.0009408391458306242,0.0006566708300923818,0.00037198546207628524,0.01985647132572288,0.16096925453417743,0.06466601033691122,0.018714843291731675,-0.05295800260585076,0.003996117065300231,-5.551115123125783e-17,0.0,0.026890756302521024,-0.011165835602190366,-0.021248258339480353,-0.011955877120151781,0.049594266514471075
2010-05,0.0005086186715132779,-0.0005653350201383633,0.00014182016920927243,0.016169407241929612,-0.05474447806256,0.018387989382059655,-0.01849506502632481,-0.07076221924365156,0.003996117065300342,5.551115123125783e-17,-0.01303780964797907,0.021608643457382948,0.019119581510599948,-0.013810343414474235,0.02042462341359269,-0.04206246383430989
2010-06,0.0027476505534479168,0.0014832529011186146,-0.001375649429321335,0.07124422723763157,-0.08721161796107801,-0.059809779722056255,-0.0011573841726227885,0.052347483880139656,0.003996117065300231,0.0,-0.026075619295958252,0.01836734693877551,-0.0007647832604240068,-0.00659781985083191,-0.003605740718775896,0.0015264816150730165
2010-07,0.003915054989930028,0.003946118966851098,-0.000739270503885392,0.050019511147474716,-0.08500807200406513,0.006416771501573715,0.04837743367046676,0.05793589033302399,0.003996117065300342,-5.551115123125783e-17,-0.039113428943937434,-0.0056422569027611,-0.00948331242925754,0.01842062126055244,-0.01050883643695888,0.0283430654184042
2010-08,0.0022238672204615284,0.0018269050542469023,0.0007597908408231713,0.03403461770947691,0.09342161111265646,0.03971354004929828,0.01827782264249833,0.04012311625861775,0.003996117065300231,5.551115123125783e-17,-0.026075619295958252,-0.0012004801920768304,-0.002294349781271965,-0.013953774280796638,-0.00028466374095598157,-0.022477462943207516
2010-09,-0.0019366398311258526,-0.0009783028602120825,0.0003557514114616023,0.045195416212748696,-0.023204361850018618,-0.0058844724468207765,0.02319393257024016,0.16814757640657918,0.003996117065300231,0.0,0.0,0.008403361344537813,-0.0071889626479856306,0.01727317432997294,-0.0146601826592338,0.00310765710751576
2010-10,0.0007818622541626574,-0.0002777572757431124,-0.0008590587472604994,-0.02142972165591428,0.038662215427563096,-0.04656531350090054,0.07957075068758734,0.16297441220393005,0.003996117065300342,0.0,0.0,0.0036014405762304913,0.0029061763896112147,0.011515449553315293,0.0017079824457360004,0.04702958889963493
2010-11,0.0026921952647595004,0.0018794944037239802,-0.00021088735776209067,0.0653101472126405,0.05941369391537488,-0.0336059137317507,0.07061126881405133,-0.010734455724483949,0.003996117065300231,0.0,0.0,0.0036014405762304913,0.003518002997950409,-0.026678141135972444,0.003487130826710927,-0.027714578621096886
2010-12,0.004649298066336349,0.0023570215062948263,0.00025214545195823,0.06473116986137561,0.039264803987457686,0.059370680293112765,0.05124830483384846,0.06205512430988702,0.003996117065300342,0.0,0.03911342894393732,0.006962785114045605,-0.007953745908409637,-0.0017211703958691649,-0.011837267228086867,0.10120689264684701
2011-01,0.000131711921421529,-7.88285358419849e-05,8.177074729270872e-05,0.05819196149441974,0.0546625145290649,0.058790760848963064,0.05890339029275404,0.0698741082769827,0.003562855102318685,0.000687824333223841,0.09126466753585394,-0.08811524609843938,0.0022943497812720204,0.012949758216539542,0.0017079824457360004,-0.0092896846212292
2011-02,0.0032076435584025287,0.002721034972104297,0.00017358424273355988,0.10004664734108859,0.03716725654086894,0.03722607031385983,0.002040911361529618,-0.014600473037129413,0.003562855102318796,0.000687824333223952,0.026075619295958363,0.041536614645858366,-0.0013766098687631456,8.19604950413888e-05,-0.00289408136638597,-0.11529360087641655
2011-03,0.002145958426864325,0.002628069556230045,-0.0008309079924000429,0.014947973198613518,-0.08774169390361919,0.018820938150420963,-0.02867235988207284,-0.1428902300090975,0.003562855102318685,0.0,0.026075619295958252,0.03721488595438177,-0.006271222735476811,0.004364396360954037,-0.007709642984224829,0.02930186378934918
2011-04,0.002224851266117267,0.0019025094235369244,0.000132719575784368,0.034170278602575266,0.04875846544640661,0.04926014606538942,0.005877670792663103,-0.07775017524028982,0.003562855102318685,-5.551115123125783e-17,0.026075619295958252,0.02340936374549818,-0.009636269081342352,0.004036554380788426,-0.013141976040801862,0.06066564098256272
2011-05,0.002717269438625103,0.0021550808185338832,0.0010338957451754838,-0.03823947446809739,-0.010663365213602005,-0.017913704171820033,-0.00582319216197158,-0.08364944000171004,0.003562855102318796,5.551115123125783e-17,0.052151238591916504,0.02340936374549818,0.0022943497812720204,-0.012150643389886084,0.0015656505752580374,-0.05831123820930628
2011-06,0.002308793813340204,0.0023079016403899644,0.0009881442976841237,-0.06535614374241172,-0.03060872379425339,-0.003206213732665164,0.002170282675416857,0.12113928213249014,0.003562855102318796,0.0,0.026075619295958363,0.0,-0.0036709596500352215,-0.0013523481681828597,-0.004459731941644007,0.04791351353117029
2011-07,0.000847171810575087,0.0007562111315016218,-0.0008162787108192404,-0.02827757595298208,0.010332584693009572,0.010019080438886219,0.004424498934968435,0.18252050642367057,0.003562855102318685,0.0,0.039113428943937434,0.012004801920768304,0.00045886995625438187,-0.005593803786574925,-0.0011386549638239263,0.032197003901223376
2011-08,-0.0009684079617531816,0.0007137654461160103,-0.001980585235039911,0.009828841632059326,0.022023738580980057,0.038752599027893186,-0.0008687907947568796,-0.018103705011956128,0.003562855102318796,0.0,0.0,0.02400960384153661,0.010859922298020797,0.009630358167363351,0.007330091329616872,-0.0669532427798829
2011-09,-0.011469649450153163,-0.014829306791594499,-0.0009625611732778649,0.018040570086401253,-0.0010964452561722515,-0.08343477177921166,-0.022646316204559147,-0.08685858768027566,0.003562855102318685,0.0,0.0,0.024009603841536664,0.06393588057144606,0.04249651667896076,0.06338512631953508,0.0021106315615560534
2011-10,0.009565914724637192,0.010374164742516456,0.00043660071072831874,-0.10993583967808362,-0.1319016184364229,0.01507718094803634,-0.09668891952482839,-0.01611955154623801,0.003562855102318574,-5.551115123125783e-17,0.06518904823989569,0.02400960384153661,-0.03823916302119984,-0.02721088435374147,-0.03935476218716644,0.058375800086278296
2011-11,-0.0038521848309062134,-0.005879840113814316,0.0004584669829849064,-0.011119023452340504,-0.07331265593822656,-0.0074438221658938986,-0.03702498818402222,-0.06872059517876483,0.003562855102318796,5.551115123125783e-17,0.0,0.01680672268907557,0.027838110679433425,0.016515039750840066,0.029035701577511563,-0.04182878381941696
2011-12,0.0001965864260704553,-0.001198578074796397,0.0009977004384477683,-0.035713447072284965,0.004499900837065529,-0.006180588411144772,-0.018908180988631784,-0.04672017726293909,0.003562855102318796,0.0,0.03911342894393732,-0.003601440576230408,0.021566887943956725,-0.0015162691582656929,0.015395563990036776,0.07559878009698678
2012-01,0.006146516625899323,0.00827029677240157,0.001362014069206885,0.0036937939775868456,0.01916264513360577,0.0019541745260094334,0.04670801181138318,0.01989755508663471,0.0019345823081244884,-0.0005278779680384926,-0.10430247718383301,-0.09723889555822335,-0.03410933341491024,-0.030489304155397134,-0.032427944490570515,0.02548927318204791
2012-02,0.003193147012137798,0.004021507223528037,-0.00020095849644852226,-0.05302115849164302,0.0002344197826604777,0.015750920060101814,0.04269461614563008,-0.027080910516436685,0.0019345823081243774,-0.0005278779680383261,0.0,-0.012004801920768304,-0.006271222735476756,0.0002458814851241664,-0.0070928715454868785,-0.13132533190105689
2012-03,-0.005632556485511142,-0.005359255980267735,-1.1015962917193534e-05,-0.09305361814595892,0.02101253688214033,-0.010335790684373736,0.07481000353700618,0.012894770433184544,0.0019345823081243774,-5.551115123125783e-17,0.004823989569752163,0.0,0.027073327419009474,0.029382837472338386,0.026782113628276594,0.044797784254457684
2012-04,-0.003973814600346515,-0.005378881341888131,-0.0007692020347063178,-0.03984891327261508,0.014688362228767904,-0.032235930474624475,0.07135673607556625,-0.05476151448980704,0.0019345823081243774,-5.551115123125783e-17,0.02125162972620609,0.0018007202881152318,0.018354798250175886,0.01485533972625186,0.016534218953860702,0.04392695094178206
2012-05,-0.003101967413355722,-0.006096211672639823,-0.0005454351112780809,-0.02878266212948377,-0.05599525902253066,-0.02120248691865556,-0.0182987203920153,-0.08938975771380231,0.0019345823081243774,1.1102230246251565e-16,-0.025423728813559365,0.010204081632653073,0.024931934289822266,-0.00047127284648795786,0.030957181828964564,-0.06274569755743215
2012-06,0.002714571081853412,0.0009681669839624873,-0.00043917869453130587,-0.06370290327120531,-0.008130889418491938,0.04778857481697707,0.0030233219590527494,-0.010579329092908374,0.0019345823081244884,-5.551115123125783e-17,-0.0006518904823988869,-0.009603841536614643,0.0007647832604240068,0.012376034751249931,-0.00023721978412993838,0.01342708560147704
2012-07,0.0004130074144888529,-0.0007564564485218472,0.001246429285365891,0.08841157448583559,-0.03290749016967842,0.004948227212583811,0.18763095793204276,0.10170609599977509,0.0019345823081243774,-5.551115123125783e-17,0.0,-0.015606242496998796,0.006424179387561513,-0.007458405048766492,0.0067844858261178476,0.02927803307366328
2012-08,0.004293049369430646,0.002155828451357533,0.0020556055990412214,-0.06347311181253257,-0.09914997816531312,-0.033449247177449015,0.02900434105898342,-0.08406917168282257,0.0019345823081243774,1.1102230246251565e-16,0.0,0.001680672268907557,-0.002141393129187097,0.007745266781411297,-0.003012691258450939,-0.046544053902077664
2012-09,-0.00034534305408617794,0.0006777388894271263,-0.0009758341661911807,0.016872945750107782,-0.04098467614704904,-0.08828032017198206,-0.016653257214394368,-0.0222518884016647,0.0019345823081243774,0.0,0.026075619295958252,-0.0004801920768307266,0.003365046345865541,0.010019670518810031,-0.0015656505752579264,0.004883142335052715
2012-10,0.0017718415325263526,0.0003591324358906134,-0.00044866236185475694,-0.022995971367040235,0.07127166573880228,0.05561547821255186,-0.10694728664597841,0.002498882684635939,0.0019345823081243774,-1.1102230246251565e-16,0.039113428943937434,0.004801920768307322,0.003976872954204735,0.004897139578722953,0.00016605384889090136,0.05265997914869153
2012-11,-0.000623541392931859,-0.0016164074751842117,-0.0010148973504827685,-0.05449133055655342,0.031494344128496055,0.016009684792426482,-0.0699907039606511,-0.045395875850033685,0.0019345823081244884,5.551115123125783e-17,0.0,0.019207683073229287,0.0198843647710239,0.02143266945332356,0.018052425572292807,-0.02914882122756368
2012-12,0.002935758649316278,0.0013941697244378437,-0.0010652663914526572,-0.029249747348888633,0.04198290063591692,0.02298975346972365,0.00379529681677071,-0.004682668540882284,0.0019345823081243774,5.551115123125783e-17,0.0,-0.008403361344537785,-0.01636636177307349,-0.00901565445455299,-0.015158344205906837,0.0836439059866001
2013-01,0.003148984078947592,0.0024768238254008756,0.0006079279234657009,0.017592615354843466,0.10641760832196001,0.016780917978981735,-0.018831398888454087,-0.01361428939462117,0.00445024264495264,0.0008513247705944638,0.0,-0.045618247298919584,-0.012695402123038324,0.0006761740840915964,-0.013094532083975763,0.05488409881554418
2013-02,0.005571488683793424,0.005932517076512878,-1.5157302359680713e-05,-0.03079231777576552,0.020419738977199398,0.001220527859316034,0.022245239653136517,-0.026618798411537137,0.004450242644952751,0.0008513247705945193,0.0,-0.006002400960384152,-0.0033650463458655966,-0.023666092943201433,-0.0030601352152769823,-0.17130273596174378
2013-03,-0.0013513916253678482,3.6209570973860794e-05,0.0011997149764543247,0.001418434476888164,-0.07270451419296675,-0.0517073561735053,-0.0006341403159035863,0.0041712111775316085,0.004450242644952862,0.0,0.0,-0.03121248499399759,0.010095139037596734,0.000430292598967319,0.009109239710591854,0.017387384975297737
2013-04,0.0019103105674503351,0.001142079228679066,0.0021141330787127766,-8.645236857030003e-05,-0.012204106994213926,0.02531106914910386,-0.039396026289235664,-0.02827297000201573,0.00445024264495264,5.551115123125783e-17,0.0,-0.028811524609843958,0.0009177399125088193,0.010470453241537614,-0.0028703593879729206,0.07963038996893973
2013-05,-0.0028937882389027947,-0.004783382063060837,2.5593477754659588e-05,-0.010567221871050303,-0.06587409001661337,0.03329113194282862,0.052572399946790194,-0.010251999885164675,0.004450242644952862,0.0,0.0,-0.02040816326530609,0.035027073327419056,0.02688304237357586,0.030886015893725527,-0.04646239707118022
2013-06,-0.00021121417842262513,-0.001237624367186968,-0.0013916349995694577,-0.03627027045443365,-0.0452629437350579,0.03462222485397093,0.03867839414490759,-0.020044205288017647,0.004450242644952751,-5.551115123125783e-17,0.0,-0.027611044417767128,0.020496191379362982,0.023584132448159933,0.019855295931680672,-0.009328660930745747
2013-07,-0.00047639549227879163,-0.003243036492879048,-0.002687004563797335,0.0005196445427642082,0.06092626208258345,0.0077572592235291005,-0.02543187599204888,0.00779037859119458,0.00445024264495264,5.551115123125783e-17,0.0,0.0,0.019425494814769517,0.033296451110564784,0.01772031787451067,0.03687240386661067
2013-08,0.00015835884194032035,-0.0013680356739387556,-0.0007172799914456629,-0.013137460080496766,0.04855715321130971,-0.00895035676686784,-0.10833727371860125,0.008194312270803805,0.004450242644952862,0.0,0.0,-0.03601440576230492,0.021413931291871857,0.017539545938857426,0.01949946625548582,-0.04425421560221393
2013-09,0.007197953871451168,0.012235548519872075,0.002357592071190018,-0.01167212512674376,-0.014124964004225471,-0.020798893296802845,0.01117545696439226,0.015033537952558018,0.004450242644952751,-5.551115123125783e-17,0.0,-0.012004801920768311,-0.035638899935758195,-0.0230923694779116,-0.03380381923852449,0.0010930428303393414
2013-10,0.0045334344591592135,0.0021760359541609098,0.0005357961437254533,-0.014557265008484421,-0.007940437365402397,-0.012775061093836193,-0.06549521337463338,0.04760428021671009,0.00445024264495264,0.0,0.0,-0.002400960384153661,-0.00458869956254393,-0.003811163019424635,-0.006499822085161977,0.07185907647906337
2013-11,-0.006096504663443358,-0.009580589492477448,0.0003077015205800171,-0.0271444377337966,0.018465885606871013,-0.015761884410240734,0.008259103778103682,-0.04255446344621666,0.004450242644952862,5.551115123125783e-17,0.0,-0.006002400960384152,0.030897243721129453,0.03341939185312681,0.029011979599098625,0.04931712529340493
2013-12,0.002131130412589277,0.0007212709787595695,0.0008010075216250412,0.015104275364249853,-0.0026255015658013248,-0.0040227469975098185,0.025860493973467236,-0.048682212112998724,0.004450242644952862,0.0,0.0,-0.0012004801920768304,0.008259659212579207,0.013093189082862056,0.004198790179100964,0.02502792101309531
2014-01,-0.0015944595343049817,-0.0029106007790657418,-0.0008917960355537824,0.027559718066242023,-0.03776502698665318,0.005967753776390916,-0.027066867952336926,-0.029853909477470908,0.004370316019020937,0.0004344746311010228,-0.026075619295958363,0.08463385354141657,0.020496191379362982,0.009445947053520198,0.019855295931680672,0.02269834290061179
2014-02,0.006197286476149866,0.007681276978045715,0.000539968543213809,0.1670989766894414,-0.03322431579651075,0.043687086579311085,0.044576261052030386,0.04812733241856926,0.004370316019020937,0.0004344746311009673,0.0,-0.015006002400960394,-0.031662026981553404,-0.010142611261372059,-0.02203771794567666,-0.1734801986278241
2014-03,0.0034176060998069024,0.006078840891253157,-0.0011449354089781982,0.1643275980146044,-0.046947249873476427,0.15163637769036264,0.0542795152876383,0.03971692386505876,0.004370316019021159,0.0,0.026075619295958363,-0.03301320528211285,-0.024014194377313447,-0.021637570690926866,-0.01670027280275177,0.014904810101444566
2014-04,0.0017691949676312824,6.146164837628199e-05,-0.002573531863072298,0.03822399571238544,0.013526021459528415,0.026172339956783475,0.05424678930370952,0.017152247100549023,0.004370316019020937,5.551115123125783e-17,0.0,-0.015006002400960373,-0.01040105234176636,-0.003360380296697052,-0.006404934171509891,0.08245379563996658
2014-05,0.005858880080738427,0.004723530550999999,-0.0006721911582653339,-0.03775242134791179,-0.06902256080664249,-0.03347306878167733,-0.002487174778768253,0.0024149152469845614,0.004370316019020937,-5.551115123125783e-17,0.0,0.0,0.0018354798250176385,-0.009691828538644476,0.0007116593523899262,-0.07700885460610896
2014-06,0.004991568135743307,0.005962389291130188,-0.0004979028878262515,-0.06627756944486896,-0.037943186021474506,0.04254272680624038,-0.038833842568584354,0.002302692274822382,0.004370316019021159,5.551115123125783e-17,0.0,-0.006002400960384159,-0.005200526170883291,-0.007950168019014714,-0.008658522120744805,0.014943882378167184
2014-07,0.0034418360660836145,0.002534317568322536,0.001921747154910336,-0.004045843898834556,0.016779360356280915,0.1267128766485679,-0.13949718859510107,0.019310118595806225,0.004370316019020992,0.0,0.0,-0.006002400960384152,0.01881366820643038,0.004302925989672968,0.01539556399003672,0.031803485442431056
2014-08,0.00667306391870115,0.007312528504353183,0.0006254768493534346,0.06529528026545117,-0.010426584246171877,-0.02565210834306808,-0.06514830589173648,-0.0375716364447749,0.004370316019020937,-5.551115123125783e-17,0.0,0.002040816326530609,-0.004129829606289603,-0.018584542250635216,-0.006594709998813952,-0.019004765035596616
2014-09,0.002062608033430724,-0.0008592481739297109,0.0016572915714588854,-0.009909569767103887,-0.04735812381981103,-0.012652359005675962,-0.13813241138780596,-0.044947664799158626,0.004370316019021159,0.0,0.0,0.0027611044417767128,0.05307595827342526,0.03075567576428162,0.05014826236508141,-0.01565198870083101
2014-10,0.004891026292065004,0.002913626355648874,0.0009203091576154288,0.05996954822478895,-0.015843488018429164,-0.006829333216784361,-0.031033567648919846,-0.0028717023859252677,0.004370316019020937,5.551115123125783e-17,0.0,-0.004801920768307322,0.0009177399125088748,-0.007827227276452797,-0.001613094532084025,0.0663358405714155
2014-11,0.00215390847992486,-0.0009225847452465352,-0.0019580252884265903,-0.06464367512402847,-0.033865759667024986,-0.08936910074672255,0.05363730558057189,-0.028569904472615648,0.004370316019020937,0.0,0.0,-0.024009603841536616,0.025849674202331085,0.027497746086386332,0.027493772980666575,-0.007466266528161181
2014-12,0.004261751538391867,0.0015589215201044504,-0.0009153188435871984,-0.06496978895232675,-0.028311539642632,-0.06796890719608695,-0.0012130927225429966,-0.03350862750450567,0.004370316019021159,-5.551115123125783e-17,0.0,-0.024009603841536616,0.017284101685582254,0.0072944840586837145,0.022796821254892685,0.043969937502595036
2015-01,0.003193114210615855,0.0013088130301124046,-0.001073207409833632,-0.015276407693130767,0.001940912409994111,-0.06679639204900578,-0.02431495979748266,0.0039159322134186825,0.004287014724252414,-0.00048623744385578593,-0.010430247718383301,0.08403361344537816,-0.0032120896937807286,-0.04452503893123505,0.0014470406831930127,0.045114082999954286
2015-02,-0.001205245307933478,-0.0035617169309137275,-0.0007297040097733465,-0.04362980163534791,-0.02593428677354781,-0.10741642758622083,-0.005929055761505819,-0.02288858263415927,0.004287014724252636,-0.00048623744385578593,0.010430247718383301,0.0,0.050628651840068484,0.04464797967379719,0.05121575139366619,-0.1511181008131125
2015-03,-0.0013043559694213003,-0.009500254009225328,0.0017334300971098004,-0.07375712407532875,-0.027657272176106834,-0.011132613621926524,-0.01107828648607978,-0.06487586010810253,0.004287014724252636,5.551115123125783e-17,-0.052151238591916615,-0.012004801920768304,0.0893266848175226,0.04468895992131794,0.07823508480607289,0.017682506936404496
2015-04,0.009052658953770942,0.009754538729443096,0.0013757115494130723,0.013253332791579253,-0.029872539122250352,0.012190856429938224,-0.005750306978197894,0.0026616742684560935,0.004287014724252414,0.0,0.019556714471968717,0.00024009603841534943,-0.05322891492550996,-0.021289238587001047,-0.050859921717471335,0.06476641563470381
2015-05,0.00206482299935401,-0.0013911869809852262,-0.00049770617420275,-0.022407873480170926,0.04093289068597278,0.04619449847212542,-0.010717462228534202,-0.007042811512021463,0.004287014724252414,-5.551115123125783e-17,0.11082138200782266,-0.01224489795918366,0.046192908929609366,0.031206458487009203,0.04393310402087536,-0.07594789279749736
2015-06,0.008536376810914431,0.010725501548652261,-0.0005673324435804261,0.005168936986776895,0.006952677644826044,-0.010856861708865573,0.0061889027785456685,-0.02256220986197288,0.004287014724252636,0.0,0.006518904823989646,0.016806722689075633,-0.019119581510600003,-0.006925661830997409,-0.018076147550705746,0.02393245181069298
2015-07,0.0016785729947207395,-0.0066632269196708616,0.00031956645808262074,-0.021569267533158243,-0.04758883736084962,0.01357150395216733,0.037743134207433915,-0.00928002419099394,0.004287014724252414,0.0,-0.006518904823989646,0.02400960384153661,0.07066597326317725,0.05790508974674213,0.06912584509548103,0.03329409756131302
2015-08,-0.0015579687044374735,-0.007317027930018372,0.0016303832184311196,0.010063714925308775,0.025398873843072822,0.00855360969703911,-0.05454398270874816,-0.04676171750905961,0.004287014724252414,0.0,-0.01303780964797907,0.019207683073229287,0.038698032977454166,0.06958446029013998,0.05994543944965014,-0.04764562805670397
2015-09,-0.0008050891844288977,-0.008274001838191575,-0.0024688802153596257,-0.04378684944262834,-0.001752820647622888,-0.05326208526175891,-0.05054429048530862,0.05603319034844961,0.004287014724252636,0.0,-0.013037809647979182,0.048019207683073245,0.08137293890911312,0.07220719613146481,0.07738109358320489,0.006425764116018973
2015-10,0.011266271382662452,0.011548779627746947,-0.0015040723654341503,0.028863306140853306,-0.016334796673589946,-0.03564318062206895,0.008324841201680977,0.07875703930457212,0.004287014724252414,0.0,0.008474576271186529,0.02400960384153661,-0.021872801248126184,-0.03460781903122695,-0.027043055390819637,0.035492282070718806
2015-11,0.011395885733081257,0.008562880152186286,0.0019099132774531569,-0.021420575118445973,-0.031843796385534084,-0.0877291536554432,-0.01795699079947699,0.02840887576343165,0.004287014724252414,0.0,-0.03455019556714478,0.012004801920768304,-0.013766098687632011,-0.039443488238668944,-0.001968924208278988,-0.03454247154042406
2015-12,0.01922131890648271,0.016667792366765855,0.001520327122746079,0.0025744367454593187,-0.03105246747098303,-0.0424797776359771,0.009116985813556577,-0.0029638750589616736,0.004287014724252636,0.0,0.017861799217731344,0.0,-0.00045886995625421534,0.03624702893205467,0.012857312299845769,0.11147916530186014
2016-01,0.002515569427936848,-0.004075099257651482,-0.00025475449580714127,-0.012910375874548685,0.006508716226398953,-0.014879685674972998,-0.00023902139090237196,-0.017686525388093788,0.0054857440326649964,0.0003877860559690083,-0.10912646675358528,0.27490996398559425,0.02034323472727828,0.027046963363658583,0.03273633020993949,0.03374602350267708
2016-02,0.012706902137835208,0.020927052669091173,0.00019577146879690144,0.009192446050600211,0.021074338461204378,0.06702472240718182,-0.0066225491119032975,-0.038349670561043214,0.0054857440326649964,0.00038778605596889726,0.0,0.023409363745498235,-0.011471748906360046,-0.012089173018604793,-0.01499229035701577,-0.17780484917749284
2016-03,0.010830734501845907,0.026160241011433993,0.0002696736711488845,0.040364220475312185,0.049491112201923204,0.01217088831574209,0.01465840094308335,0.08373358020723398,0.0054857440326652185,0.0,0.0,0.05942376950780304,-0.08473798525497883,-0.05522088353413673,-0.09979836318348945,0.03393836720589
2016-04,0.006132605327840435,0.008117329928509609,0.0007980878773180544,-0.013870395223604226,0.02179594370522181,0.008600185092877743,0.05786535453798003,-0.012219800997164354,0.0054857440326649964,0.0,0.03911342894393732,0.038415366146458685,-0.02890880724402689,-0.021617080567166602,-0.025643458664452612,0.0647135464496768
2016-05,0.006063872328383568,0.002530423647366109,0.0003018518786170321,0.003969421366293857,-0.025009394176506328,0.05400802218492462,0.07475656011200504,0.06305698926675829,0.0054857440326649964,-1.1102230246251565e-16,0.026075619295958363,0.02400960384153661,0.020496191379362982,0.01137201868699289,0.03423081484995849,-0.06711017354222465
2016-06,0.023019231029883347,0.030756395567067663,0.00022721458851410192,0.04167892434608833,-0.017453618363562018,0.03167090064469957,0.07046438504182373,0.10296088249658247,0.0054857440326649964,1.1102230246251565e-16,0.01303780964797907,0.009123649459783834,-0.09697451742176266,-0.09476682239160727,-0.09140078282528774,0.012458257262123351
2016-07,0.007864803631609019,0.01431004464421265,-0.0009777805957291719,0.025644868269188326,0.024459573231719434,-0.0059484090353914,-0.06639446267655691,0.014947823460518261,0.0054857440326649964,1.1102230246251565e-16,0.052151238591916615,0.004081632653061273,0.007647832604239957,0.01575690517170736,0.006926817696595977,0.039756269992994475
2016-08,0.012032647865717117,0.003118353143854169,-0.0013888395954457233,-0.017156770608304783,0.017525426795010346,-0.05537132432674707,-0.04325890006776856,0.013880375548320556,0.0054857440326649964,-1.1102230246251565e-16,-0.006518904823989646,-0.013205282112845107,-0.004282786258374305,-0.0013728382919433457,0.0003083857193689754,-0.06681509844260686
2016-09,0.01096005018577595,0.012011155483876323,0.00026825526238960506,0.035569630006765385,-0.01580457248138678,-0.0357324083072309,-0.03104544644809626,0.049597828699893265,0.0054857440326649964,0.0,0.006518904823989646,-0.00636254501800726,0.0024473064333567773,0.007540365543807881,0.001399596726367025,0.012679627940790084
2016-10,0.003189247083828728,0.0041249589685380394,-0.0001596486355095461,0.010807161703657364,0.0063666281881729625,-0.048108071831972854,0.005351194220998168,0.06177505547615336,0.0054857440326649964,1.1102230246251565e-16,0.0,-0.01764705882352935,-0.02615558750650071,-0.03427997705106134,-0.015443007946862819,0.23130258327614955
2016-11,0.001280017240203546,0.0019258242752635546,0.0009876887503457166,0.020966854091534426,0.07474794433479007,-0.00983021545189322,0.021508409166442588,-0.07811274639902543,0.0054857440326649964,-1.1102230246251565e-16,0.0,-0.01200480192076836,0.036250726544097445,0.02440373739857382,0.05114458545842726,-0.19930073515606034
2016-12,0.028179480128576517,0.03140542847120403,0.0002616601793274942,-0.09074913044132182,0.026068545376345398,0.017207276857390985,0.014894785322886794,-0.07699469855452867,0.0054857440326649964,-1.1102230246251565e-16,0.052151238591916504,0.0012004801920768582,-0.03655663984826707,-0.03315302024424227,-0.032641442296287515,0.10857226620872917
2017-01,0.009008502926164286,0.008339912291260632,0.0010947527282831881,0.027758861741553953,0.006824812308828865,0.047295863324129606,0.009263783939270076,0.06618719349307112,0.0070214974431630495,-0.0018133140387947,0.013037809647979182,-0.019207683073229287,-0.022637584508550246,-0.01280632735021714,-0.031336733483572576,0.041886830210190074
2017-02,0.010705270407140088,0.011852838392590326,-0.0018931926194540871,-0.009189790036836287,0.04003144006719561,0.06854177910726678,0.002762519307215272,-0.0019790535355033168,0.0070214974431632715,-0.0018133140387947,0.026075619295958252,0.025810324129651785,-0.004894612866713555,-0.020613064502909673,-0.006570988020400903,-0.19278523077586013
2017-03,0.005047877990395744,0.006758849936597866,-0.0012303298282827502,-0.025193971503386203,-0.008636330558156713,0.015992898180712478,-0.03182744224199019,-0.09185335570337694,0.0070214974431630495,0.0,0.039113428943937434,0.02905162064825939,0.013460185383462275,0.023420211458077267,0.016391887083382795,0.028407909788308094
2017-04,0.0014145535452967373,0.0002710558377771455,-0.00033142104223671254,-0.018594847962694505,-0.08268189577734975,-0.020208243455670738,-0.039271245393341925,-0.07050087440305958,0.0070214974431630495,0.0,0.039113428943937434,0.036974789915966366,0.005965309431307242,0.019547578067371507,0.007116593523899817,0.08156183798086702
2017-05,0.009072156868920822,0.008978898879329344,0.0012649824860682113,-0.022648128394167633,-0.043170951018099785,0.08730060939310613,0.004993890485968877,-0.024920763392240253,0.0070214974431630495,0.0,0.007431551499347933,0.03421368547418968,0.018507754902260642,0.03276370789279559,0.010746056221088929,-0.08712868243592886
2017-06,0.005432518994062163,0.006320678693133686,0.0003009511372882301,-0.027537234102900432,-0.018543253400752135,0.08380276880234416,-0.02250918868744567,-0.08471543180661645,0.0070214974431630495,0.0,-0.046544980443285366,0.03301320528211282,0.017895928293921504,0.02665765101221218,0.015300676076384745,0.027423766382948078
2017-07,0.01604565683189063,0.018765550774900108,-0.0004573902347297931,0.026736208494617775,0.043687323132238026,0.007834810383569035,0.05540335983444222,0.01961886827105397,0.0070214974431632715,0.0,0.0,0.015006002400960394,-0.034262290066994994,-0.01481435947873122,-0.04210651168307433,0.02503606805039782
2017-08,0.00754559130567134,0.007306956303464507,0.0003250226727982142,0.00030284522052281826,0.03863849548117271,-0.10947387613994741,-0.04316599966595469,-0.01706487322034478,0.0070214974431630495,0.0,0.0,0.014165666266506616,0.01835479825017594,0.008359970494221769,0.0038904044597318777,-0.024580565066786852
2017-09,0.007631091061984674,0.009291341255991903,-0.0010636098556755513,-0.013477201178959675,-0.02633145689148242,-0.09952663946350893,0.018198156489040773,0.010450522565958908,0.0070214974431630495,0.0,0.0,0.009843937575029993,-0.0021413931291871524,-0.00010245061880176376,0.004957893488316989,0.0059445948325203
2017-10,0.000625362740592772,-0.0018529904307340583,0.0012336843132314534,-0.023773345987216143,-0.04033085806232098,-0.0016874036352139132,0.009510874133376479,0.011946774416744188,0.0070214974431630495,0.0,0.0,0.03601440576230497,0.027226284071094176,0.01454798786984679,0.025833234491756563,0.06656388104486466
2017-11,0.0066941898251726695,0.006080480231975827,0.0003338333724620668,0.0007904719112034053,0.011635745575708012,0.022001730488518167,0.006748088871198377,0.028811103865678866,0.0070214974431630495,0.0,0.06518904823989558,0.009003601440576214,-0.0006118266083392498,0.014322596508482888,-0.00362946269718889,-0.025921454069575467
2017-12,0.008891591396683607,0.004328774579239469,0.0008605806895058965,-0.014618893246099884,0.0410021510763032,-0.02335122587829197,-0.00916627538260606,-0.02160941094059543,0.0070214974431630495,-1.1102230246251565e-16,0.0,0.0030012004801920344,0.023096454464804794,0.017498565691336787,0.011006997983631805,0.09740357189949517
2018-01,0.004744995643155114,0.007023071943096537,0.0007293312892233672,0.006378761580928205,0.01991039327947325,0.06622220322963868,-0.0006128436339363219,-0.01830073561893364,0.003535002073579374,0.0005594266371244938,0.0,-0.14309723889555825,-0.00841261586466402,-0.00592164576674048,-0.03453920056932758,0.07610626512379004
2018-02,0.004734868604880815,0.0032754709074855892,-0.0009965305100552158,-0.010534130295003497,0.009192822737863815,0.016201398896549035,0.030935475931604617,-0.018217344726895623,0.003535002073579374,0.0005594266371247159,0.0,0.0025210084033613356,0.014683838600140775,0.003708712400622871,0.019570632190724746,-0.21617495116975316
2018-03,0.003364220759787262,0.004592320990452148,-0.0012294808536976731,-0.005462567223752379,-0.031170372282616987,-0.017721611597613762,0.022962732058412927,-0.03135200374468927,0.003535002073579374,0.0,0.0,0.008523409363745515,0.02416715102939815,0.02592000655683968,0.018716640967856746,0.0022979628323240853
2018-04,-0.002312298396991097,-0.005876787279784468,0.001029909705962062,-0.00243614507569323,-0.024539489066719322,-0.023506720423156935,-0.0013472196718379292,-0.038258295016326604,0.003535002073579152,-1.1102230246251565e-16,-0.06518904823989558,0.01200480192076836,0.032273853589892654,0.024198836160970405,0.03731467204364847,0.10765403517574151
2018-05,-0.004440440418299718,-0.00863928082831189,-0.0016390800312602316,0.005160398434031266,0.0014625756005162138,0.05545160136515581,-0.013827201520631438,-0.0004961979603393951,0.003535002073579596,1.1102230246251565e-16,0.0,0.012004801920768249,0.04986386857964459,0.03237439554134908,0.060704542758866165,-0.10537148445920347
2018-06,0.005702327048896061,0.0028158733639586098,0.0002585748814425415,-0.006402568580208379,0.0011160420087523715,0.0631489359878068,-0.0751458235200465,0.01189198546896364,0.003535002073579152,0.0,-0.06518904823989569,0.015366146458583474,0.0006118266083392498,0.029116465863453733,0.028181710354643452,0.01996062164247675
2018-07,0.011713057459080134,0.012442253419923222,0.00122650944264735,-0.013957704124111792,0.0009270236859766356,-0.041473359539184074,-0.059004453179773875,-0.035064169224718444,0.003535002073579374,-1.1102230246251565e-16,-0.039113428943937434,-0.003361344537815114,-0.0471106488421183,-0.021985902794852796,-0.0239354762187165,0.08030991774800667
2018-08,-0.007899353992499525,-0.012678160780187075,0.0018890202199657313,-0.02189143060789922,0.004806068824750709,-0.1765683889557894,0.008823490103683329,-0.02658962099159551,0.003535002073579374,1.1102230246251565e-16,0.0,-0.03601440576230497,0.08198476551745243,0.08200147528891066,0.09023840588305054,-0.08503577774706855
2018-09,0.013379804641973747,0.016748503613390253,-0.00039052830943009376,-0.01637812189687582,0.003831234621832824,-0.016906730103171563,-0.022024457834005085,0.011892644561936727,0.003535002073579374,-1.1102230246251565e-16,0.0,-0.004801920768307322,-0.03441524671907992,-0.02901401524465208,-0.031170679634681564,0.0039062021395635527
2018-10,0.01721511222668659,0.020346354183819138,-0.0033521657983590636,0.06566794813403909,0.01586002712167095,0.04225041804855201,0.02028687624448644,0.09175444786714765,0.003535002073579152,-1.1102230246251565e-16,0.0,0.021728691476590622,-0.07632536939031459,-0.09034095565937222,-0.06789230221800502,0.09082794955553719
2018-11,0.0009763338452712933,-0.0029255339659336466,6.344532025925886e-05,-0.0009508307497521074,0.0013474504700987655,-0.01961792855248512,0.013847812540514925,-0.01553072935567601,0.003535002073579374,2.220446049250313e-16,0.039113428943937434,0.019087635054021668,0.034415246719079695,0.03421850667978049,0.03453920056932758,-0.053340702400300755
2018-12,0.009377482066341924,0.007574924261923188,-0.0009771697481613106,-0.040831462470657165,-0.01669175406991602,0.011376695229734501,0.01766176726426938,-0.008665431900589882,0.003535002073579374,0.0,0.06518904823989569,-0.010804321728691502,0.012236532166783942,0.011966232276042987,0.002728027517495013,0.09464386026505528
2019-01,0.0060403484580248135,0.011107430944782282,-0.0008336826898265315,0.00527733033862221,0.030990295267755874,0.0386293380240742,0.0070969271244328835,0.00584964321425363,0.004283244734786251,0.0005388016836342935,0.06518904823989558,-0.061224489795918324,-0.02844993728777251,-0.05046717482173596,-0.05287628988257631,0.08089665943546054
2019-02,0.005387111329437255,0.0031738979793372035,0.0013075347488404887,0.0003925378800009316,0.06099368325050891,-0.02512714243333769,0.0015634095050791608,0.01009749831436857,0.004283244734786029,0.0005388016836346265,0.0,-0.01200480192076836,0.020955061335617364,0.013339070567986111,0.02054323330565777,-0.19420016338370416
2019-03,-0.0029526617914478193,-0.001685651124591958,0.0008070124638166476,-0.018550127818464213,-0.002552831433174141,0.04254102803193205,-0.011342528521621542,-0.01620412556737494,0.004283244734786029,0.0,0.024641460234680723,-0.009003601440576214,0.03349750680657104,0.024219326284730947,0.03752816984936547,-0.022293041915624034
2019-04,0.0028917303750052303,0.0014573446980350457,-0.0003062416984260796,-0.011775551358115144,0.03656948609508137,0.14408544807577828,-0.010730651791754697,0.00418012694474823,0.004283244734786251,-2.220446049250313e-16,0.00143415906127764,0.00036014405762307966,0.007953745908409582,0.008995164330792393,0.011528881508717781,0.12489881694810329
2019-05,0.007342846825471372,0.007245237656305026,0.002769738172510472,-0.0017931763763799902,0.03574392077353683,0.002655282488766453,-0.040799858307107084,-0.028746776152090203,0.004283244734786029,1.1102230246251565e-16,0.008474576271186418,0.002641056422568955,-0.02279054116063506,-0.005327432177690161,-0.0010912110069979386,-0.11024112838647282
2019-06,0.009184248301084441,0.00963241758040756,3.632990025925764e-05,0.037277054152958344,0.038344451536402646,-0.027071896662798522,0.045883492817055505,0.0236343564803837,0.004283244734786251,1.1102230246251565e-16,0.030638852672751016,0.0036014405762304635,-0.019425494814769406,-0.007212523563642437,-0.0257383465781047,0.028546948587692522
2019-07,0.0042175592564714925,0.011111626644612849,-0.00031594278607038895,0.023350792398534437,0.0494100844944394,-0.02964835823797829,-0.0024658487966837672,-0.013932778169784554,0.004283244734786251,-1.1102230246251565e-16,0.0,0.021608643457383003,-0.017131145033497608,-0.03442340791738391,-0.015964891471948794,0.07614993847242962
2019-08,0.013130150532726814,-0.014771423656577132,-0.0024288748763445778,-0.037344176813520535,-0.1284212722402555,-0.005291331471025451,-0.023354519784777428,-0.021663524118921917,0.004283244734786029,0.0,0.0,-0.0030012004801920344,0.04818134540671165,0.07325219244324227,0.08862531135096663,-0.07612874384967577
2019-09,0.004146858165703371,0.00789634017942975,0.0015690913946819762,0.01062414300681691,-0.006094914349179303,-0.09454707464064016,0.01685806037294757,-0.015709520096580665,0.004283244734786029,0.0,-0.02346805736636237,-0.010084033613445453,0.006271222735476867,-0.0011679370543395962,0.006143992408966903,-0.02576214977139213
2019-10,0.0021478263872142245,0.011484757726341832,0.0021454416048982683,-0.007488352819453703,-0.018091091922736502,0.0447742414677198,0.03751369836658747,0.05104793292722953,0.004283244734786251,0.0,-0.041720990873533426,-0.054141656662665016,-0.02095506133561753,-0.015470043439062442,-0.03802633139603828,0.09105090990324333
2019-11,0.010123238476919982,-0.003703151927893278,-0.003046172580299489,0.05660050986057752,-0.027972395370108927,0.0948009577596649,-0.014890300052161076,0.012237734516970966,0.004283244734786029,1.1102230246251565e-16,-0.06518904823989558,-0.04201680672268904,0.048793172015050956,0.039361527743627445,0.05216463053018616,-0.04298660565818818
2019-12,0.007204362252984486,0.018247394501069936,-0.0003520966794037239,0.06114126097155692,0.03973948088333695,-0.0009826636483363238,0.0042899054375552526,0.021178374797898414,0.004283244734786251,-1.1102230246251565e-16,0.014732724902216332,0.013205282112845107,-0.03334455015448623,-0.026350299155806667,-0.04585458427232825,0.0956349697451539
2020-01,-0.0016825678748039197,-0.01905898887033486,-0.00020197312461212036,-0.05319737846623385,0.02087332118117191,-0.06677572981802937,0.004588083777510521,0.0319287580187565,0.0021074792303070744,0.0029506661700806625,0.05045632333767924,-0.08751500600240097,0.05582917801095166,0.04118514875829837,0.056648084450243164,0.11768228528602376
2020-02,0.009953014116046988,-0.00646271335394033,0.001794318140263762,-0.03021384554891493,-0.03737594110825926,-0.0585390927847802,-0.025094383648118224,0.03672954248081095,0.0021074792303072964,0.0029506661700806625,0.0,-0.007322929171668657,0.042827862583743714,0.043275141381854176,0.0543707745225952,-0.2506925407863093
2020-03,0.013620907912391123,-0.03185862051475774,-7.411962267234173e-05,0.05211740143704413,0.005090638689374372,-0.0223294603462475,-0.013121091086346959,-0.12416208871144807,0.0021074792303070744,0.0,0.0,-0.020408163265306145,0.1387316834409129,0.16058109990984337,0.16605384889099728,-0.02873729010899556
2020-04,0.02245434739001073,0.006231504009310496,-0.009595307481408577,0.025610920543589488,-0.02416654850339328,-0.10512562825865646,-0.02012007916768388,-0.07027750507744707,0.0021074792303072964,0.0,-0.13037809647979126,0.08403361344537813,0.05277004496925586,0.04239406606015894,0.05415727671687831,-0.0366589513984279
2020-05,0.025776633993697895,0.02548164351243587,-0.007967988854164831,-0.019154872250574995,0.03733135038872737,0.15276302502281847,-0.001427770218648483,0.022042714678805808,0.0021074792303070744,0.0,-0.07822685788787487,0.04201680672268915,-0.012542445470953734,0.019527087943611132,-0.00016605384889079033,-0.1016245437553715
2020-06,0.03726569503920674,0.03762496646141544,0.005983831713855636,-0.03411517759717475,0.059111079286850665,-0.07390470260772886,0.02005503063998193,0.04599870485114038,0.0021074792303070744,0.0,-0.11734028683181219,0.09243697478991597,0.022331671204380843,0.025674125071715626,0.011789823271260769,0.03785565367628135
2020-07,0.016096934242532,0.031675569237556433,0.01423395967089136,0.021375825148548966,0.023042862371292494,-0.04754817834942615,0.022167459094907915,0.004621951494831689,0.0021074792303072964,0.0,-0.01629726205997395,0.021608643457382892,-0.04435742910459184,-0.00040980247520705504,-0.06468983513225024,0.12728093810398305
2020-08,-0.03734875539813132,0.007471221359011571,0.007192657637083322,0.06619136562350947,0.059318397177640425,0.024779463233667753,0.006904393760015504,0.03736908892452995,0.0021074792303070744,1.1102230246251565e-16,0.01629726205997395,0.0,0.08091406895285891,0.07937873944758622,0.06357490214683925,0.03644945288650475
2020-09,0.018480263471905678,0.012223477364907143,-0.0039967549292396765,0.014193139516448516,0.014416816633637808,0.051782764863948394,0.07470003341248954,-0.015985647914357637,0.0021074792303072964,-1.1102230246251565e-16,-0.016166883963494194,0.007803121248499356,0.04864021536296592,0.015142201458896887,0.04018503143162122,-0.020032356072065105
2020-10,0.007462092442191537,5.630220310903766e-05,-0.0035198072189923657,-0.05894741119130131,-0.01846055788453682,0.04002740725142229,0.04469163592237968,0.07249764017292903,0.0021074792303070744,0.0,-0.0490221642764016,0.0366146458583434,0.04848725871088155,0.022723547250225407,0.031099513699442527,0.14603527140697575
2020-11,0.0026200060207366427,0.029417354028570486,0.0015687290274803978,-0.005406571066001731,0.021039175493805407,-0.011802802371142729,0.06894304600616252,0.030265837153080066,0.0021074792303070744,0.0,-0.08930899608865706,-0.008403361344537785,-0.07907858912784138,-0.07052700598311623,-0.10440042699561136,-0.05923473949588187
2020-12,0.013274074978654293,0.018844879679585036,0.0029339940481498683,0.029362190108417563,0.1454268986476246,-0.020428031351241938,0.05184037918804041,-0.012923115953102915,0.0021074792303072964,0.0,-0.04106910039113432,-0.03541416566626654,-0.024778977637737398,-0.000409802475206833,-0.032024670857549564,0.08118096277274334
2021-01,-0.0018334980352415764,-0.012817547574743515,0.0006887461626865488,0.011648773160054637,0.06730905411703769,0.033808100758108584,0.13064104600277926,0.04919314588807333,0.002193460300436767,-0.005121992738697845,0.26075619295958286,-0.0006002400960384291,0.08825598825292902,0.05640931071223654,0.06623176372909523,0.09057034359894311
2021-02,0.00721749494649826,0.008389618192269355,0.0006804634838017964,0.02279227430677,-0.02172485335808938,0.0639741146738595,0.007549289475042853,0.04401794610633958,0.002193460300436989,-0.005121992738697734,-0.06518904823989569,0.0012004801920768582,0.003059133041696027,0.01249897549381207,0.012881034278258596,-0.2246382434847622
2021-03,0.007044998648637835,-0.0006973700919289394,0.0025527319857219233,0.002526763860325909,0.021729949440320695,0.08683674010689901,0.025979063145220582,-0.043536787722803116,0.002193460300436767,1.1102230246251565e-16,0.0,-0.0012004801920768582,0.023402367768974308,-0.004651258093598898,0.03963942592812253,0.04359876193877382
2021-04,-0.004556126206700539,0.010009360810752765,0.00614553031238918,0.006492003515345401,0.056665886376010555,0.1482787156911467,0.03777480479896567,0.01889312402778076,0.002193460300436989,-2.220446049250313e-16,0.0,0.1080432172869148,-0.053228914925510074,-0.03891074502089986,-0.06967145059897994,0.08086798822833186
2021-05,0.006037025145941954,0.01652161652102202,-6.765913314210614e-05,0.07238226757263333,0.12113642268995972,0.08859950702352437,0.08518059738213757,0.040275042559848595,0.002193460300436767,1.1102230246251565e-16,0.041069100391134206,0.04801920768307322,-0.02034323472727828,-0.020817965740512978,-0.04065947099988154,-0.06299844877241467
2021-06,0.013766572565373059,0.031866690665939834,-0.011911620751705376,0.022760630805026105,0.06379302559197841,0.05224723303189771,-0.085315490642347,0.002180939591161113,0.002193460300436989,1.1102230246251565e-16,-0.014993481095175953,0.0014165666266505728,-0.07158371317568601,-0.09679534464388184,-0.05456055034989915,-0.021134394567023262
2021-07,0.009958906305209791,0.0032364869178304057,-0.011731016938616667,0.05053110161336827,-0.007260563914396334,-0.03873416560400589,-0.02968807952618202,0.027922494468380687,0.002193460300436767,-2.220446049250313e-16,-0.0423728813559322,0.02703481392557039,0.0275321973752638,0.03057126465043858,0.028324042225121637,0.14598308410990102
2021-08,0.0037013668862011517,0.010478660058342637,-0.00154747360279206,0.04848843354376775,-0.25721710652454555,-0.013509030088123541,-0.042066142022817665,0.061511538847051295,0.002193460300436989,1.1102230246251565e-16,0.0032594524119947677,0.00036014405762307966,0.00520052617088318,-0.0014752889107449985,0.00514766931562094,-0.1061970540459618
2021-09,0.008682971991279431,-0.005076656613815289,0.003746866507277735,0.03698411220057829,-0.23812721143939808,-0.055631298125119244,-0.07452017573220227,-0.003076622972209453,0.002193460300436767,1.1102230246251565e-16,-0.052151238591916615,0.005402160864345529,0.07311327969653392,0.04686091303991469,0.07024077808089202,0.011298813570572053
2021-10,0.004639402365110956,-0.006014891027385727,9.406017208846151e-05,0.0631275547092639,0.003728739667949954,-0.03946272366425818,-0.03751488624650734,0.01771943555161859,0.002193460300436989,-2.220446049250313e-16,0.0,-0.009003601440576214,0.05674691792346054,0.04530366363412841,0.04829794804886722,0.12688861551320585
2021-11,0.0046226856737351385,0.009350622308632595,-0.001026151440417955,0.0727505036532039,-0.11984402941450262,-0.022938437960266178,0.005501932086379391,0.004687345929611286,0.002193460300436767,1.1102230246251565e-16,0.0,-0.0012004801920767472,0.0032120896937808396,-0.039095156134743236,-0.005479777013402964,-0.09162155495876378
2021-12,0.007459804967641093,0.008397881092538917,-0.00022628278713976435,0.03799452545318305,0.10005594210859242,0.033086086281012284,0.04142464962980652,-0.023406219774200654,0.002193460300436989,1.1102230246251565e-16,0.026075619295958363,-0.13030372148859548,-0.006730092691731082,-0.0015572494057862762,-0.009346459494721904,0.15651978548846168
2022-01,-0.01190795892276475,0.005231804053442923,-0.0028369003449197905,0.011183064509834084,0.11120114709894835,0.046839037275935524,0.08752594153302651,-0.030589552311430346,0.002323064245887796,0.011240121766727063,0.10430247718383312,-0.03776350540216078,-0.05567622135886685,-0.06427751823621008,-0.05292373383940219,0.1773124783869473
2022-02,-0.007789327329816853,0.021688419351938992,-0.00383696134684941,0.035561183607675684,0.03275909908237662,0.07277890975941226,0.14913647389986173,-0.010215653962638349,0.002323064245887796,0.011240121766727174,0.0,0.096782713085234,-0.0438985591483374,-0.04651258093598876,-0.051713912940339224,-0.37097350328192746
2022-03,0.00458595487483926,0.03378628856159416,0.0028461665919223833,-0.08467662147202382,0.03764883631176952,0.10716967803788013,0.07216260549238096,0.037457856108890075,0.002323064245888018,0.0,-0.013037809647979182,0.036470588235294144,-0.10125730368013719,-0.10740922875174186,-0.09526746530660657,0.06627938390297938
2022-04,0.0045981691257412916,0.0050939514637433625,0.01050920791623633,0.026021134336673413,-0.0033532221084972003,0.03250724429699492,0.0020247208385211213,0.024260139443405215,0.002323064245887796,1.1102230246251565e-16,0.013037809647979182,0.02881152460984393,-0.00458869956254393,-0.014527497746086304,0.04300794686276843,0.13244534916378536
2022-05,0.011599010020376221,0.023220338477170976,0.00919087462479995,-0.02010488088261586,-0.07667657981940734,-0.0061452135995652135,-0.00218698374572579,-0.017492831408322917,0.002323064245887796,1.1102230246251565e-16,-0.013037809647979182,0.01200480192076836,-0.05445256814218857,-0.02247766576510135,-0.04511920294152527,-0.12736458446953325
2022-06,0.01168658317815019,-0.00945587693904526,0.0005610790210219818,0.05409745969872848,-0.00022376433799498052,0.0062523085901617925,0.008777054797820316,-0.019804493532771916,0.002323064245888018,-2.220446049250313e-16,0.013037809647979182,-0.025690276110444166,0.11196426932607317,0.08374313580854054,0.12076859210058122,0.06723951268763151
2022-07,0.0021198777641965316,0.002541324679083634,-0.0053989089309931515,-0.07255596383705809,-0.10829128414461575,-0.029413690603708798,-0.10811202338567827,-0.020633336136950398,0.002323064245887796,0.0,-0.04889178617992185,-0.013925570228091266,-0.019272538162684816,-0.03903368576346211,-0.011766101292848052,0.09224557087643293
2022-08,0.011380572601561778,0.022824486366661345,-0.005304072257759085,0.05110176601628602,8.66333979410161e-05,-0.03834360561469019,0.012540735017609883,-0.00888565799010066,0.002323064245887796,1.1102230246251565e-16,0.04889178617992185,0.009603841536614643,-0.02692037076692455,-0.01659700024588151,-0.002229865970821754,-0.12960109785432894
2022-09,0.006807475923290118,0.00693872766821968,-0.0032383928505241855,-0.004027439933603549,-0.04048675185059181,-0.12915393214457982,-0.08458315708763364,0.003306241011794331,0.002323064245888018,-1.1102230246251565e-16,0.06518904823989569,-0.078031212484994,0.012542445470953512,0.015920826161790025,0.053991222867987076,-0.025803349227044192
2022-10,0.0008941125147478024,0.009819428975221478,0.0007503278801972435,-0.11137114248080537,-0.03062907569356449,-0.0413878746267311,-0.06462971624691627,0.003361126677004611,0.002323064245887796,1.1102230246251565e-16,0.13037809647979137,-0.04471788715486191,-0.061182660833919655,-0.019014834849602424,-0.03548807970584744,0.1677636519962291
2022-11,0.012562934532010628,0.004386811524134671,0.0001931831316450694,-0.10712231198434519,-0.00025040294966011123,-0.05740148215529195,0.04782201602445513,0.0463726883253488,0.002323064245887796,1.1102230246251565e-16,0.05867014341590604,-0.03331332533013209,0.041145339410811,0.0523112859601671,0.00880085399122299,-0.14314464601517174
2022-12,0.010801408214910047,0.011898878167018623,-0.0006942852041911252,-0.013528520442908976,0.0829046872269179,-0.07482984199350784,0.026025406336980028,0.026836311080320252,0.002323064245888018,-2.220446049250313e-16,0.027379400260756137,0.02280912364945975,0.014683838600140664,0.02387099418080485,-0.018123591507531955,0.1633325485266761
2023-01,-0.009436485098578418,-0.0052726240268289315,-0.00024217517725033666,-0.014743778661532647,0.054262851963638115,-0.04498493095498479,0.02945169514638102,-0.004779878769034074,0.008387110041141455,-0.0018192371019453146,-0.020860495436766602,-0.003541416566626654,-0.002294349781271965,-0.006249487746905924,-0.028086822440991366,0.17788788878899964
2023-02,0.014194009196686896,0.018464616881624263,-0.0007930457965468207,0.09242094159557546,0.022857527126126098,0.01698403526498904,0.012461439378425476,0.057269392319570844,0.008387110041141455,-0.0018192371019453146,0.0,0.004741896758703512,-0.005812352779222429,-0.002971067945250372,0.025738346578104476,-0.3970567593411296
2023-03,0.01293819257403006,0.013985686869423364,0.0026431995458446877,-0.027800585553525714,0.004446586551317688,0.07701138707748756,-0.030296283353299147,-0.014188572355883222,0.008387110041141455,0.0,0.0,-0.02400960384153661,-0.017437058337667066,0.0,-0.03022180049816159,0.05163592644478365
2023-04,0.004004910443066612,0.007218533146385875,-0.00025127577067562967,0.029626981985745426,-0.05342860013828943,0.014244543139840582,-0.0007552458592015032,0.14839887071760427,0.008387110041141455,1.1102230246251565e-16,0.0,0.06002400960384158,-0.024778977637737398,-0.0007376444553726103,-0.018906416795160697,0.14055248143471166
2023-05,0.01817528873284968,0.01777554668221404,-0.0025603416969479653,-0.03995804194183783,-0.062043527151072864,0.009964719133761513,-0.08298414411092336,0.04788114566029811,0.008387110041141455,-3.3306690738754696e-16,0.0,-0.0024009603841537164,-0.010554008993851172,-0.018871403983280022,0.022583323449175685,-0.11591253346152541
2023-06,0.012094031597882138,0.031792945643906445,-0.0032414367350144246,-0.051749812726364364,0.042184442154071355,0.006293518316530244,0.03866001738191982,-0.04072983158727905,0.008387110041141455,2.220446049250313e-16,-0.006518904823989535,0.04753781512605049,-0.07969041573618041,-0.03403409556593728,-0.06563871426877,0.015681685933488065
2023-07,0.012808307179457135,0.01691673073351052,-0.0013600262262740692,-0.05644038045022448,0.004358076868557714,0.0014533582704023829,0.062069741930891986,-0.03636061786798672,0.008387110041141455,1.1102230246251565e-16,0.006518904823989535,0.032894357743097236,-0.0012236532166784997,-0.0076837964101301726,-0.018431977226900598,0.09141314190256011
2023-08,0.016613181857470627,0.011465073955907013,0.003700535272264549,-0.029040837679977005,-0.021500370935777946,-0.04108469078583177,-0.09684170545903714,0.012367038367616434,0.008387110041141455,-3.3306690738754696e-16,0.0,0.078031212484994,0.021872801248126406,0.022580116383902782,0.0427944490570511,-0.12433477534260517
2023-09,0.008274213237069006,0.011721658036449645,0.0027618385675234336,-0.011205862025043256,0.05326425148631442,-0.031407051754114734,-0.0495341829417566,0.09690604870307529,0.008387110041141455,2.220446049250313e-16,0.0,-0.010804321728691613,0.011930618862614262,-0.00723301368740259,0.02032973549994077,0.006552777791215103
2023-10,0.007214042154723765,0.005153764036594399,0.003220709331104521,0.001472152795021553,-0.008263297338791276,-0.01089559607951296,-0.032781203394480984,0.01775589622187712,0.008387110041141455,2.220446049250313e-16,-0.10756192959582778,0.03661464585834351,0.008106702560494394,0.00928202606343742,0.011837267228086867,0.17674352551683103
2023-11,0.013938987722627139,0.013965993364186358,0.0027206736534652887,0.0547789646875908,0.06153519294845422,-0.032906283453039364,0.04828279427203941,0.017047288676915295,0.008387110041141455,-2.220446049250313e-16,-0.1166883963494133,0.039015606242497,0.0006118266083392498,0.008257519875420005,-0.028940813663859588,-0.1550103506463223
2023-12,0.0,0.0,-9.690734295486614e-05,0.05232267963997772,0.031002016256887477,-0.022723492934746847,-0.02770193685676925,-0.21193113700737776,0.008387110041141455,0.0,-0.049543676662320735,0.034813925570228,-0.015448621860564726,-0.006966642078518159,-0.022346103665045636,0.0
2024-01,0.0,0.0,-0.008835547700631219,0.0,0.0,0.0,0.0,0.0,0.0,-0.01070892568004167,0.12281616688396346,-0.03421368547418957,0.014683838600140664,0.005921645766740369,0.026616059779385637,0.0
2024-02,0.0,0.0,-0.009539254452054058,0.0,0.0,0.0,0.0,0.0,0.0,-0.010708925680041892,0.0,0.0,-0.004894612866713555,-0.007212523563642215,-0.0015182066184320497,0.0
