Date,EXPEC_DIC_y,EXPEC_DIC_y+1,EXPEC_DIC_y+2,EXPEC_GDP (%)_y,EXPEC_GDP (%)_y+1,EXPEC_GDP (%)_y+2,EXPEC_US$_currency_y,EXPEC_US$_currency_y+1,EXPEC_US$_currency_y+2,EXPEC_basic_interest_rate_y,EXPEC_basic_interest_rate_y+1,EXPEC_basic_interest_rate_y+2,EXPEC_gross_public_debt_y,EXPEC_gross_public_debt_y+1,EXPEC_gross_public_debt_y+2,EXPEC_inflation_y,EXPEC_inflation_y+1,EXPEC_inflation_y+2,EXPEC_net_public_debt_y,EXPEC_net_public_debt_y+1,EXPEC_net_public_debt_y+2,EXPEC_primary_result_y,EXPEC_primary_result_y+1,EXPEC_primary_result_y+2,EXPEC_trade_balance_y,EXPEC_trade_balance_y+1,EXPEC_trade_balance_y+2
2001-01,24.0,21.0,22.0,4.0,4.5,4.5,2.0,2.06,,14.0,12.44,12.0,,,,4.2,3.8,3.46,48.33,47.6,47.98,3.0,2.7,2.1,0.5,1.5,3.1
2001-02,24.0,21.0,21.0,4.1,4.5,4.05,2.02,2.1,,13.75,12.44,12.0,,,,4.2,3.7,3.46,48.5,47.9,47.0,3.0,2.7,2.2,-0.27,1.1,2.47
2001-03,23.45,20.4,20.0,4.2,4.5,4.1,2.07,2.15,,14.0,12.75,11.88,,,,4.3,3.65,3.0,49.0,48.29,47.0,3.0,2.7,2.2,-1.0,1.0,2.0
2001-04,22.7,20.0,20.0,4.1,4.49,4.34,2.1,2.19,2.32,15.0,13.0,12.0,,,,4.55,3.7,3.0,49.4,48.85,47.0,3.0,3.0,2.2,-1.25,0.42,1.95
2001-05,21.0,20.0,20.0,3.75,3.85,4.34,2.2,2.28,2.33,16.0,14.25,12.0,,,,5.2,3.8,3.42,50.0,49.5,48.0,3.0,3.0,2.3,-1.5,0.0,1.3
2001-06,20.0,18.0,18.0,3.0,3.5,4.0,2.25,2.35,2.41,16.45,14.5,12.75,,,,5.6,4.0,3.5,51.0,50.81,50.25,3.0,3.0,2.55,-1.32,0.0,1.0
2001-07,18.0,17.0,18.0,2.5,3.2,3.8,2.4,2.5,2.6,18.0,15.5,14.0,,,,6.1,4.03,3.8,53.0,53.0,52.0,3.05,3.0,3.0,-1.0,0.45,1.03
2001-08,18.8,16.0,18.0,1.8,2.86,3.96,2.45,2.57,2.7,18.18,16.0,14.0,,,,6.43,4.5,3.7,53.85,53.9,53.5,3.35,3.5,3.0,-0.8,1.0,1.84
2001-09,18.0,15.0,17.7,1.6,2.5,3.5,2.7,2.8,2.91,19.0,16.5,14.15,,,,6.6,4.8,4.0,54.66,55.0,54.0,3.35,3.5,3.0,0.0,2.1,2.2
2001-10,18.6,15.0,16.0,1.7,2.0,3.5,2.8,2.86,2.95,19.0,17.0,15.0,,,,6.67,5.07,4.0,56.3,56.91,56.3,3.4,3.5,3.0,1.2,4.5,5.15
2001-11,19.0,15.0,16.0,1.7,2.0,3.5,2.6,2.75,2.85,19.0,17.0,14.5,,,,7.29,5.09,4.0,55.2,56.07,55.7,3.4,3.5,3.0,1.6,4.75,5.3
2001-12,19.8,16.0,16.0,1.8,2.4,3.5,2.37,2.6,2.7,19.0,17.0,14.0,,,,7.4,4.8,4.0,53.13,54.05,54.35,3.5,3.5,3.2,2.01,5.0,6.0
2002-01,16.0,16.0,18.0,2.4,3.5,4.0,2.55,2.7,2.8,17.0,14.0,13.0,,,,4.8,4.0,3.63,53.85,53.85,54.0,3.5,3.05,3.0,4.7,5.8,7.0
2002-02,17.0,18.0,18.0,2.45,3.5,4.0,2.55,2.7,2.8,16.53,14.0,13.0,,,,4.87,4.0,3.5,54.25,54.3,53.86,3.5,3.0,3.0,4.5,5.6,6.85
2002-03,17.0,18.0,18.0,2.42,3.5,4.0,2.5,2.68,2.75,16.5,14.0,13.0,,,,5.04,4.0,3.5,54.4,54.2,54.0,3.5,3.0,3.0,4.3,5.0,6.5
2002-04,17.9,18.0,18.0,2.4,3.5,3.82,2.5,2.6,2.7,16.6,14.45,13.0,,,,5.46,4.0,3.65,54.4,54.3,54.2,3.5,3.2,3.0,4.3,4.95,6.36
2002-05,17.5,18.0,18.0,2.3,3.5,3.83,2.5,2.62,2.7,17.0,14.5,13.0,,,,5.46,4.0,3.5,54.6,54.3,54.25,3.5,3.0,3.0,4.0,4.95,6.45
2002-06,17.5,18.0,18.0,2.2,3.5,3.8,2.55,2.65,2.72,17.0,15.0,13.5,,,,5.53,4.0,3.5,55.0,54.9,54.65,3.5,3.5,3.0,4.35,5.0,6.75
2002-07,17.0,18.0,18.5,1.9,3.45,3.8,2.6,2.7,2.8,17.0,15.0,13.5,,,,5.99,4.35,3.9,56.23,56.0,55.2,3.75,3.5,3.0,4.9,5.5,7.0
2002-08,16.8,16.5,18.0,1.5,3.0,4.0,2.8,2.95,3.0,17.0,15.0,13.5,,,,6.43,4.95,4.0,57.2,56.45,55.0,3.75,3.75,3.5,6.5,7.6,8.5
2002-09,16.0,15.5,17.5,1.35,2.7,3.5,3.0,3.15,3.2,17.5,15.0,13.5,,,,6.82,5.5,4.0,58.85,58.2,55.2,3.84,3.75,3.5,8.2,10.0,10.12
2002-10,15.05,14.0,15.0,1.21,2.0,3.5,3.5,3.5,3.6,21.0,17.0,15.0,,,,8.37,8.0,5.0,61.7,59.85,58.0,3.88,3.75,3.75,11.0,14.7,14.87
2002-11,15.5,13.0,15.0,1.26,1.95,3.5,3.5,3.6,3.7,22.0,18.14,15.75,,,,11.0,10.68,7.0,61.0,60.0,58.0,3.9,3.75,3.75,12.5,15.1,16.0
2002-12,16.0,13.0,15.0,1.45,1.94,3.0,3.5,3.7,3.8,25.0,20.0,17.0,,,,12.56,11.0,8.0,59.15,58.45,58.0,3.9,3.75,3.75,12.6,15.5,16.0
2003-01,13.0,15.0,16.0,2.0,3.0,3.5,3.61,3.79,4.0,20.5,17.0,15.0,,,,11.44,8.0,6.0,56.55,56.15,56.55,4.0,3.75,3.5,15.5,16.0,16.0
2003-02,13.0,15.0,16.0,2.0,3.0,3.5,3.65,3.8,4.0,22.0,17.53,15.0,,,,12.33,8.0,6.0,55.7,54.6,54.95,4.25,4.0,3.7,16.0,16.0,16.0
2003-03,13.0,15.0,15.7,1.97,3.0,3.5,3.55,3.73,4.0,22.0,17.9,15.0,,,,12.26,8.0,6.0,56.0,54.0,53.5,4.25,4.0,3.75,16.3,16.39,16.0
2003-04,12.0,14.5,15.0,1.9,3.0,3.5,3.4,3.55,3.7,22.0,18.0,15.0,,,,12.39,7.9,6.0,55.35,53.85,53.0,4.25,4.25,4.0,16.02,16.15,15.4
2003-05,11.5,14.0,15.0,1.9,3.0,3.5,3.3,3.5,3.7,21.5,16.5,15.0,,,,12.17,7.58,6.0,55.0,53.5,52.5,4.25,4.25,4.0,16.0,15.78,15.15
2003-06,10.0,13.0,15.0,1.75,3.0,3.5,3.23,3.5,3.65,21.0,16.0,14.5,,,,11.16,7.0,5.5,55.0,53.5,52.2,4.25,4.25,4.0,16.8,15.5,15.0
2003-07,9.0,12.0,14.0,1.53,3.0,3.5,3.15,3.42,3.61,20.0,16.0,14.0,,,,10.04,6.5,5.0,54.9,53.5,52.4,4.28,4.25,4.0,17.5,15.0,15.0
2003-08,8.3,11.75,13.8,1.2,3.0,3.5,3.15,3.4,3.61,18.08,15.0,14.0,,,,9.57,6.2,5.0,55.0,53.65,52.4,4.25,4.25,4.2,18.4,15.35,15.0
2003-09,8.65,12.0,14.0,0.71,3.1,3.5,3.1,3.35,3.53,17.4,15.0,13.88,,,,9.68,6.2,5.0,56.0,54.45,53.0,4.25,4.25,4.0,20.5,16.0,15.38
2003-10,9.0,12.0,14.0,0.66,3.23,3.5,3.0,3.28,3.5,17.25,14.5,13.5,,,,9.69,6.0,5.0,57.5,55.6,54.0,4.25,4.25,4.0,22.3,17.0,16.0
2003-11,9.0,12.0,14.1,0.3,3.5,3.5,3.0,3.25,3.45,16.5,14.0,13.0,,,,9.19,6.0,5.0,57.7,56.0,54.0,4.25,4.25,4.1,23.5,18.33,17.25
2003-12,9.4,12.0,14.65,0.12,3.55,3.6,2.95,3.2,3.45,16.5,13.93,13.0,,,,9.22,6.0,5.0,57.6,56.0,54.0,4.25,4.25,4.23,24.0,19.0,17.5
2004-01,12.0,14.9,15.0,3.66,3.9,4.0,3.1,3.28,3.45,13.5,12.5,12.0,,,,6.01,5.0,4.5,56.0,54.3,52.5,4.25,4.25,4.0,20.4,19.6,20.25
2004-02,12.1,15.0,15.0,3.6,3.72,4.0,3.1,3.27,3.45,13.82,12.5,12.0,,,,6.01,5.0,4.5,56.2,54.9,54.0,4.25,4.25,4.0,21.0,19.3,20.25
2004-03,12.7,15.0,15.0,3.5,3.71,3.9,3.05,3.25,3.4,14.0,12.5,12.0,,,,6.0,5.0,4.5,56.5,54.9,53.9,4.25,4.25,4.0,24.0,21.0,21.75
2004-04,12.6,15.0,15.0,3.5,3.5,4.0,3.05,3.2,3.4,14.0,12.88,12.0,,,,6.17,5.0,4.6,56.5,55.0,53.7,4.25,4.25,4.0,25.0,22.0,21.5
2004-05,12.0,13.0,15.0,3.5,3.5,3.5,3.1,3.25,3.41,14.5,13.0,12.37,,,,6.52,5.28,5.0,57.0,55.4,54.0,4.25,4.25,4.25,26.0,23.0,20.9
2004-06,10.26,13.0,14.6,3.5,3.5,3.55,3.1,3.25,3.4,15.0,13.5,12.5,,,,6.98,5.5,5.0,57.0,55.4,54.0,4.25,4.25,4.25,27.66,23.15,21.62
2004-07,10.0,12.95,14.0,3.7,3.5,3.55,3.1,3.25,3.4,15.75,14.13,13.0,,,,7.15,5.5,5.0,57.0,55.05,54.0,4.25,4.25,4.25,29.1,25.35,23.2
2004-08,10.0,12.95,14.0,4.19,3.5,3.5,3.08,3.2,3.4,16.0,14.88,13.75,,,,7.25,5.52,5.0,56.7,55.1,54.1,4.25,4.25,4.25,30.95,26.0,24.75
2004-09,14.9,13.0,15.0,4.5,3.5,3.5,3.0,3.15,3.3,17.0,15.25,14.0,,,,7.31,5.8,5.0,55.4,54.1,52.7,4.5,4.25,4.25,32.0,27.0,25.8
2004-10,15.0,13.0,15.0,4.56,3.5,3.5,2.95,3.1,3.2,17.5,15.5,14.0,,,,7.2,5.9,5.0,55.0,54.0,52.2,4.5,4.25,4.25,32.95,27.0,25.14
2004-11,16.0,13.0,14.79,4.98,3.5,3.5,2.85,3.0,3.16,17.75,15.5,14.0,,,,7.28,5.8,5.0,54.5,54.0,52.0,4.5,4.3,4.25,33.0,27.3,25.18
2004-12,16.2,13.0,15.0,5.1,3.5,4.0,2.75,2.95,3.13,17.75,16.0,14.38,,,,7.47,5.7,5.0,52.1,52.0,50.4,4.5,4.3,4.25,33.0,26.39,23.6
2005-01,13.25,15.0,16.0,3.7,4.0,3.6,2.88,3.05,3.17,16.5,15.0,13.85,,,,5.75,5.0,4.5,51.35,49.9,48.4,4.25,4.25,4.25,26.5,24.18,22.03
2005-02,14.0,15.0,16.0,3.7,4.0,3.6,2.8,3.0,3.11,17.0,15.0,13.7,,,,5.68,5.0,4.5,51.45,49.95,48.5,4.25,4.25,4.25,27.0,25.0,22.72
2005-03,14.0,15.0,16.0,3.68,3.7,3.6,2.8,2.95,3.1,17.5,15.0,14.0,,,,5.88,5.0,4.5,51.4,50.0,48.0,4.25,4.25,4.2,29.5,25.2,23.8
2005-04,14.5,15.0,16.0,3.64,3.5,3.6,2.75,2.9,3.1,17.75,15.5,14.0,,,,6.28,5.0,4.5,51.5,50.2,48.25,4.25,4.25,4.23,34.0,27.98,25.2
2005-05,15.0,15.0,16.0,3.39,3.5,3.5,2.7,2.9,3.04,18.0,15.5,14.0,,,,6.33,5.0,4.5,51.36,50.2,48.5,4.28,4.25,4.15,35.0,28.96,25.86
2005-06,15.0,15.3,16.5,3.0,3.5,3.5,2.64,2.8,2.95,18.0,15.63,14.0,,,,5.97,5.0,4.5,51.37,50.0,48.35,4.35,4.25,4.25,35.09,29.36,27.04
2005-07,15.4,15.01,16.5,3.0,3.5,3.5,2.55,2.75,2.9,17.88,15.75,14.0,,,,5.54,5.0,4.5,51.32,50.0,48.59,4.4,4.25,4.25,37.0,30.75,29.0
2005-08,15.75,15.0,16.0,3.16,3.5,3.5,2.48,2.7,2.85,18.0,15.5,14.0,,,,5.25,4.9,4.5,51.49,50.5,48.98,4.5,4.25,4.25,40.0,33.73,30.0
2005-09,16.0,16.0,16.5,3.29,3.5,3.5,2.35,2.56,2.69,18.0,16.0,14.0,,,,5.21,4.63,4.5,51.5,50.5,48.74,4.5,4.25,4.25,41.0,35.0,31.0
2005-10,16.0,16.0,17.35,3.31,3.5,3.5,2.3,2.5,2.65,18.0,15.75,14.0,,,,5.31,4.6,4.5,51.6,50.75,48.68,4.6,4.3,4.25,42.0,35.0,30.9
2005-11,16.0,16.0,16.5,2.81,3.5,3.5,2.25,2.45,2.56,18.0,15.5,14.0,,,,5.63,4.52,4.5,51.6,50.75,48.5,4.7,4.3,4.25,43.0,35.4,32.0
2005-12,15.5,15.0,17.0,2.4,3.5,3.5,2.3,2.4,2.55,18.0,15.0,13.5,,,,5.68,4.5,4.5,51.6,50.7,48.6,4.75,4.25,4.25,44.16,36.98,32.7
2006-01,15.0,16.1,17.1,3.5,3.55,3.8,2.35,2.5,2.6,15.0,13.5,13.0,,,,4.61,4.5,4.44,50.45,48.6,47.0,4.3,4.25,4.25,40.0,34.0,30.0
2006-02,15.0,16.1,17.0,3.5,3.6,3.75,2.25,2.4,2.5,14.5,13.5,12.5,,,,4.59,4.5,4.5,50.5,48.85,47.0,4.3,4.25,4.23,40.0,35.5,34.4
2006-03,15.06,16.75,17.54,3.5,3.6,3.83,2.2,2.34,2.5,14.13,13.0,12.5,,,,4.5,4.5,4.5,50.5,49.0,47.5,4.25,4.25,4.23,40.0,35.0,32.52
2006-04,15.06,16.5,17.05,3.5,3.7,3.75,2.2,2.35,2.5,14.0,13.0,12.0,,,,4.36,4.5,4.5,50.5,49.05,47.2,4.25,4.25,4.25,40.37,36.0,35.0
2006-05,15.5,16.5,17.54,3.6,3.7,3.88,2.2,2.35,2.45,14.25,13.0,12.5,,,,4.33,4.5,4.5,50.5,49.1,47.5,4.25,4.25,4.25,40.0,35.32,33.81
2006-06,15.45,16.0,17.0,3.6,3.7,3.6,2.24,2.35,2.48,14.38,13.0,12.5,,,,3.98,4.5,4.5,50.5,49.2,47.6,4.25,4.25,4.25,40.0,35.51,32.81
2006-07,15.0,16.0,17.0,3.6,3.7,3.5,2.21,2.35,2.45,14.0,13.0,12.5,,,,3.74,4.5,4.5,50.5,49.2,47.6,4.25,4.25,4.25,40.0,35.0,34.1
2006-08,16.0,16.0,17.01,3.24,3.5,3.55,2.2,2.3,2.41,14.0,13.0,12.2,,,,3.63,4.5,4.5,50.3,49.05,47.5,4.25,4.25,4.25,42.03,36.0,32.4
2006-09,15.72,16.0,17.0,3.09,3.5,3.5,2.2,2.3,2.4,13.5,12.5,12.0,,,,2.98,4.3,4.4,50.35,49.1,47.2,4.25,4.25,4.25,43.0,36.0,33.81
2006-10,15.6,16.0,17.0,3.0,3.5,3.5,2.16,2.29,2.4,13.25,12.0,11.5,,,,2.99,4.12,4.3,50.4,49.2,47.16,4.25,4.25,4.25,44.0,38.0,34.0
2006-11,16.0,16.0,17.0,2.88,3.5,3.5,2.15,2.25,2.36,13.25,12.0,11.0,,,,3.15,4.1,4.3,50.3,49.1,47.0,4.25,4.25,4.25,45.0,37.42,34.0
2006-12,16.0,16.1,17.0,2.74,3.5,3.5,2.15,2.25,2.35,,11.75,11.0,,,,3.11,4.0,4.1,50.0,49.0,47.0,4.25,4.25,4.25,45.0,38.0,34.8
2007-01,17.0,18.0,18.5,3.5,3.5,3.6,2.2,2.3,2.4,11.75,11.0,10.0,,,,4.08,4.0,4.0,48.8,47.0,45.35,4.1,4.0,4.0,39.0,35.0,31.4
2007-02,17.5,18.0,19.0,3.5,3.5,3.7,2.15,2.22,2.3,11.5,10.5,10.0,,,,3.89,4.0,4.0,48.8,47.0,45.3,4.0,3.9,3.95,39.0,35.0,32.9
2007-03,18.0,18.0,18.0,3.51,3.6,3.8,2.11,2.2,2.26,11.5,10.5,10.0,,,,3.86,4.0,4.05,48.4,45.4,43.32,3.81,3.75,3.75,39.45,36.0,32.9
2007-04,19.2,19.0,18.0,4.1,4.0,4.0,2.05,2.1,2.2,11.25,10.0,9.5,,,,3.68,4.0,4.0,43.59,41.7,39.2,3.75,3.75,3.65,40.0,35.1,32.8
2007-05,20.0,20.0,20.0,4.17,4.0,4.0,1.95,2.05,2.14,10.75,10.0,9.13,,,,3.5,4.0,4.0,43.9,41.9,39.5,3.75,3.74,3.6,42.0,36.44,33.2
2007-06,20.0,20.0,20.0,4.34,4.1,4.0,1.9,2.0,2.1,10.75,9.75,9.0,,,,3.64,4.0,4.0,43.9,42.0,39.56,3.75,3.7,3.6,42.2,36.15,31.25
2007-07,25.0,21.0,20.0,4.51,4.3,4.1,1.87,1.95,2.07,10.75,9.88,9.0,,,,3.75,4.0,4.0,43.7,42.0,39.5,3.8,3.7,3.6,43.5,37.2,33.81
2007-08,27.35,22.0,20.5,4.7,4.4,4.06,1.9,1.95,2.01,11.0,10.0,9.38,,,,3.92,4.0,4.0,43.64,42.0,39.5,3.8,3.7,3.6,42.7,37.0,31.5
2007-09,28.0,22.0,20.5,4.7,4.4,4.03,1.86,1.9,2.0,11.0,10.25,9.5,,,,4.0,4.1,4.0,43.54,42.0,39.6,3.8,3.66,3.6,42.0,35.0,31.0
2007-10,32.0,25.0,22.5,4.7,4.33,4.03,1.79,1.87,1.98,11.25,10.25,9.5,,,,3.85,4.1,4.0,43.35,42.0,39.7,3.8,3.68,3.6,40.9,34.1,30.5
2007-11,33.0,25.0,25.0,4.7,4.3,4.06,1.75,1.8,1.93,11.25,10.25,9.5,,,,3.96,4.1,4.0,43.3,42.0,39.85,3.8,3.68,3.6,40.55,34.2,30.0
2007-12,35.0,27.0,25.0,5.2,4.5,4.06,1.77,1.8,1.9,11.25,10.75,10.0,,,,4.37,4.3,4.0,43.35,42.0,40.0,3.9,3.63,3.6,40.0,31.25,29.34
2008-01,28.0,25.0,25.0,4.5,4.06,4.0,1.8,1.9,2.0,11.25,10.25,9.5,,,,4.43,4.2,4.0,41.8,39.65,37.9,3.63,3.5,3.5,30.0,25.78,25.0
2008-02,29.0,25.0,25.0,4.5,4.03,4.0,1.79,1.87,1.93,11.25,10.5,9.75,,,,4.41,4.3,4.0,41.6,39.65,38.0,3.66,3.5,3.48,30.0,25.0,24.46
2008-03,30.0,26.71,25.0,4.58,4.08,4.09,1.75,1.85,1.91,12.0,10.75,10.0,,,,4.47,4.3,4.18,41.6,40.0,37.9,3.6,3.5,3.5,27.18,21.0,20.0
2008-04,30.0,28.5,25.0,4.6,4.0,4.1,1.74,1.8,1.89,13.0,11.5,10.5,,,,4.82,4.4,4.2,41.45,40.0,38.0,3.65,3.5,3.5,25.0,17.0,15.0
2008-05,33.0,30.0,27.2,4.75,4.0,4.1,1.7,1.77,1.86,13.75,12.5,11.0,,,,5.48,4.6,4.5,41.2,40.0,37.95,3.8,3.6,3.5,24.0,15.0,10.0
2008-06,34.0,30.0,28.0,4.8,4.0,4.0,1.66,1.76,1.85,14.25,13.5,11.75,,,,6.32,4.82,4.5,41.0,39.85,38.0,4.3,3.8,3.5,23.05,15.42,10.0
2008-07,33.0,30.0,28.0,4.8,3.9,4.2,1.61,1.74,1.8,14.25,14.0,12.0,,,,6.56,5.0,4.5,40.48,38.9,37.0,4.3,3.9,3.8,22.91,15.0,10.0
2008-08,35.0,30.0,30.0,4.8,3.6,4.2,1.63,1.73,1.8,14.75,14.0,12.0,,,,6.32,5.0,4.5,40.55,39.5,37.7,4.3,3.85,3.8,23.5,14.25,8.8
2008-09,35.0,30.0,28.0,5.2,3.5,4.2,1.75,1.8,1.89,14.75,13.75,12.0,,,,6.14,4.85,4.5,40.5,39.1,37.75,4.3,3.98,3.8,23.7,12.95,10.0
2008-10,35.0,30.0,28.0,5.23,3.0,4.0,2.0,2.0,2.0,13.75,13.38,12.0,,,,6.31,5.06,4.5,40.0,39.0,37.9,4.3,3.93,3.8,24.0,13.05,10.0
2008-11,35.0,25.0,25.0,5.24,2.8,4.0,2.2,2.15,2.13,13.75,13.5,12.0,,,,6.35,5.25,4.5,38.45,38.0,36.58,4.3,3.8,3.8,23.6,13.66,10.0
2008-12,37.0,22.5,25.0,5.6,2.35,3.85,2.35,2.3,2.25,13.75,12.0,11.5,,,,6.02,5.0,4.5,36.9,37.0,35.45,4.3,3.8,3.5,24.0,14.5,13.0
2009-01,23.0,25.0,27.0,1.8,3.8,4.1,2.3,2.29,2.29,10.75,10.5,10.2,,,,4.6,4.5,4.5,36.3,35.2,34.69,3.5,3.5,3.5,14.0,14.0,10.0
2009-02,23.0,25.0,30.53,1.5,3.5,4.1,2.3,2.28,2.3,10.25,10.25,10.0,,,,4.66,4.5,4.5,36.0,35.0,33.42,3.35,3.45,3.45,13.0,13.35,11.0
2009-03,22.0,25.0,30.0,-0.02,3.5,4.04,2.3,2.3,2.28,9.25,9.5,10.0,,,,4.32,4.5,4.5,36.9,35.5,33.6,3.0,3.3,3.41,14.0,13.0,10.0
2009-04,22.0,25.0,30.0,-0.3,3.5,4.0,2.2,2.25,2.25,9.25,9.5,10.0,,,,4.3,4.32,4.5,37.45,36.5,35.1,2.5,3.3,3.3,17.0,15.0,13.4
2009-05,23.0,25.0,30.0,-0.73,3.5,4.0,2.04,2.13,2.2,9.0,9.25,10.0,,,,4.33,4.3,4.5,39.0,37.5,35.5,2.5,3.0,3.3,20.0,15.05,13.5
2009-06,25.0,26.0,28.0,-0.49,3.5,4.0,2.0,2.0,2.1,8.75,9.25,10.0,,,,4.41,4.33,4.5,40.0,38.5,37.0,2.2,3.0,3.3,22.0,19.5,17.5
2009-07,25.0,27.1,30.0,-0.38,3.6,4.04,1.9,1.97,2.05,8.75,9.25,10.0,,,,4.5,4.35,4.5,41.5,40.0,38.0,2.0,3.0,3.3,23.1,19.0,17.7
2009-08,25.0,30.0,30.0,-0.16,4.0,4.0,1.85,1.85,1.9,8.75,9.25,10.0,,,,4.3,4.3,4.5,42.45,41.0,38.3,2.0,2.75,3.3,24.0,18.0,15.05
2009-09,25.0,30.15,31.9,0.0,4.5,4.23,1.8,1.8,1.9,8.75,9.75,10.25,,,,4.3,4.4,4.5,43.25,41.2,39.0,1.68,2.5,3.1,25.85,18.0,15.55
2009-10,25.0,33.0,35.0,0.18,4.8,4.3,1.7,1.75,1.81,8.75,10.5,10.5,,,,4.27,4.45,4.5,44.0,42.0,39.4,1.56,2.5,3.0,26.0,16.25,12.0
2009-11,25.0,35.0,35.0,0.2,5.0,4.5,1.71,1.75,1.8,8.75,10.5,10.75,,,,4.25,4.46,4.5,44.15,42.45,40.2,1.5,2.3,3.0,25.0,13.0,9.33
2009-12,25.0,35.2,38.0,-0.24,5.2,4.5,1.74,1.75,1.8,8.75,10.75,10.88,,,,4.28,4.5,4.5,44.25,42.5,41.0,1.5,2.5,3.0,24.2,11.3,4.0
2010-01,38.0,40.0,40.0,5.35,4.5,4.4,1.76,1.85,1.88,11.25,11.0,10.5,,,,4.62,4.5,4.5,42.0,40.5,39.0,2.5,3.0,3.0,10.0,4.5,5.0
2010-02,38.0,40.0,43.0,5.5,4.5,4.35,1.8,1.87,1.9,11.25,11.25,10.5,,,,4.91,4.53,4.5,41.7,40.0,39.0,2.5,3.0,3.0,10.0,2.8,4.6
2010-03,38.0,40.0,40.0,5.52,4.5,4.5,1.8,1.9,1.9,11.25,11.1,10.5,,,,5.18,4.79,4.5,41.4,39.6,38.0,2.5,3.0,3.0,10.0,3.55,4.2
2010-04,38.0,40.0,40.0,6.06,4.5,4.5,1.8,1.85,1.9,11.75,11.25,10.5,,,,5.42,4.8,4.5,41.0,39.55,38.3,2.5,2.96,3.0,12.24,5.0,6.8
2010-05,37.0,40.0,42.25,6.53,4.5,4.5,1.8,1.85,1.9,11.75,11.5,10.5,,,,5.67,4.8,4.5,41.0,39.8,38.6,2.5,3.0,3.0,14.04,5.46,7.0
2010-06,35.0,40.0,40.0,7.18,4.5,4.5,1.8,1.9,1.9,12.0,11.75,11.0,,,,5.55,4.8,4.5,41.0,39.5,38.0,2.5,3.0,3.0,15.57,7.0,8.5
2010-07,32.0,39.25,40.0,7.2,4.5,4.5,1.8,1.85,1.9,11.5,11.75,10.75,,,,5.27,4.8,4.5,40.85,39.5,37.75,2.6,2.99,3.0,15.1,8.5,7.0
2010-08,30.0,38.0,39.0,7.1,4.5,4.5,1.8,1.85,1.9,10.75,11.5,10.63,,,,5.07,4.85,4.5,40.8,39.5,37.8,2.6,2.9,2.99,15.0,9.0,7.5
2010-09,30.0,38.0,40.0,7.55,4.5,4.5,1.75,1.8,1.88,10.75,11.75,10.5,,,,5.06,4.96,4.5,40.8,39.5,38.0,2.6,2.87,3.0,15.7,9.5,8.5
2010-10,30.0,37.0,38.1,7.6,4.5,4.5,1.7,1.78,1.83,10.75,11.75,10.5,,,,5.29,4.99,4.5,40.87,39.57,38.0,2.6,2.8,3.0,16.0,8.0,7.0
2010-11,30.0,37.0,37.2,7.54,4.51,4.5,1.71,1.75,1.8,10.75,12.25,10.75,,,,5.76,5.2,4.5,40.5,39.5,37.7,2.8,2.8,3.0,16.3,8.0,6.5
2010-12,33.0,39.5,42.0,7.61,4.5,4.5,1.7,1.75,1.8,10.75,12.25,10.75,,,,5.9,5.32,4.5,41.0,39.7,38.0,2.8,2.8,3.0,16.88,8.0,5.0
2011-01,40.0,42.19,43.6,4.6,4.5,4.5,1.74,1.8,1.84,12.5,11.13,10.5,,,,5.67,4.7,4.5,39.1,37.8,36.4,2.8,3.0,3.0,9.54,5.0,3.0
2011-02,42.0,44.7,45.0,4.3,4.5,4.5,1.7,1.79,1.8,12.5,11.25,10.5,,,,5.8,4.78,4.5,39.5,38.0,36.5,2.7,3.0,3.0,13.0,8.0,5.0
2011-03,44.0,43.85,44.8,4.0,4.3,4.5,1.7,1.75,1.8,12.25,11.25,10.5,,,,6.02,5.0,4.5,39.5,38.0,36.6,2.7,2.9,3.0,16.1,10.0,5.0
2011-04,46.0,45.0,45.0,4.0,4.25,4.5,1.62,1.7,1.75,12.5,12.0,11.0,,,,6.37,5.0,4.5,39.23,38.0,36.6,2.8,2.8,3.0,18.05,10.0,7.05
2011-05,50.0,45.0,45.0,4.0,4.2,4.5,1.61,1.7,1.75,12.5,12.25,11.0,,,,6.22,5.1,4.5,39.1,38.0,36.6,2.9,2.8,3.0,20.0,10.0,10.0
2011-06,52.0,45.5,45.0,3.94,4.1,4.5,1.6,1.7,1.74,12.5,12.5,11.0,,,,6.15,5.1,4.5,39.18,38.0,36.6,2.89,2.8,3.0,20.0,10.1,7.1
2011-07,55.0,50.0,45.0,3.96,4.0,4.5,1.6,1.65,1.7,12.75,12.5,11.0,,,,6.31,5.3,4.51,39.26,38.0,36.6,2.89,2.8,3.0,21.0,10.03,10.0
2011-08,55.0,50.0,45.0,3.74,3.9,4.5,1.6,1.65,1.7,12.5,12.25,11.0,,,,6.31,5.2,4.5,39.3,38.0,37.0,2.9,2.75,3.0,23.0,14.0,10.33
2011-09,55.0,50.0,45.0,3.51,3.7,4.4,1.73,1.7,1.71,11.0,10.5,11.0,,,,6.52,5.53,4.8,39.1,38.0,36.45,3.0,2.65,2.8,25.0,16.55,11.0
2011-10,60.0,53.0,45.0,3.29,3.5,4.35,1.74,1.75,1.73,11.0,10.5,10.5,,,,6.49,5.59,4.95,38.85,38.0,36.5,3.0,2.7,2.9,27.0,18.8,10.4
2011-11,60.0,55.0,50.0,3.1,3.46,4.4,1.78,1.75,1.74,11.0,9.88,10.5,,,,6.49,5.52,5.0,38.55,38.0,36.5,3.1,2.6,2.9,28.4,17.45,11.4
2011-12,63.0,55.0,55.0,2.87,3.3,4.25,1.82,1.75,1.75,,9.5,10.38,,,,6.55,5.32,5.0,38.5,37.35,35.85,3.1,2.8,2.9,28.1,17.9,11.98
2012-01,55.0,55.0,50.0,3.3,4.2,4.4,1.76,1.75,1.8,9.5,10.5,10.0,,,,5.29,5.0,4.76,36.95,35.8,34.0,2.79,2.85,2.75,20.0,15.0,14.6
2012-02,55.0,57.71,50.0,3.3,4.1,4.5,1.75,1.75,1.8,9.5,10.5,10.0,,,,5.24,5.12,5.0,36.0,34.85,33.75,2.8,2.8,2.75,19.0,15.0,15.0
2012-03,55.37,55.0,55.0,3.2,4.2,4.4,1.77,1.8,1.8,9.0,10.0,9.75,,,,5.27,5.5,5.0,36.5,35.0,34.0,2.9,3.0,2.73,19.0,15.0,14.1
2012-04,57.0,56.35,55.0,3.24,4.3,4.4,1.8,1.8,1.85,9.0,10.0,9.75,,,,5.14,5.58,5.0,36.1,34.65,33.61,3.1,2.93,2.8,19.15,14.7,13.2
2012-05,55.05,59.0,55.8,2.84,4.5,4.2,1.9,1.87,1.9,8.0,9.25,9.13,,,,5.14,5.6,5.1,35.85,34.25,33.25,3.1,3.0,2.8,20.0,15.0,17.1
2012-06,55.0,59.0,60.0,2.05,4.2,4.05,1.95,1.9,1.9,7.5,9.0,9.0,,,,4.93,5.5,5.1,35.65,34.5,33.0,3.07,2.95,2.8,19.2,14.78,14.27
2012-07,55.0,60.0,60.0,1.9,4.1,4.0,1.98,1.97,1.93,7.5,8.5,9.0,,,,4.99,5.5,5.14,35.5,34.0,32.95,2.9,2.8,2.78,17.9,13.0,13.0
2012-08,55.0,59.01,60.0,1.64,4.0,4.0,2.0,2.0,1.95,7.25,8.5,9.0,,,,5.2,5.51,5.1,35.25,34.0,33.0,2.8,2.83,2.74,18.04,15.0,13.0
2012-09,57.0,60.0,60.0,1.57,4.0,4.0,2.0,2.0,2.0,7.5,8.0,9.0,,,,5.36,5.48,5.25,35.5,34.0,33.0,2.8,2.8,2.75,18.0,14.2,14.5
2012-10,60.0,60.0,60.0,1.54,4.0,4.0,2.02,2.01,2.0,7.25,7.63,9.0,,,,5.44,5.4,5.32,35.2,34.0,32.75,2.7,2.7,2.7,18.4,15.0,16.15
2012-11,60.0,59.5,60.0,1.27,3.7,3.85,2.07,2.06,2.02,7.25,7.25,8.75,,,,5.43,5.4,5.5,35.15,34.0,32.6,2.55,2.5,2.5,20.0,15.52,15.5
2012-12,60.0,60.0,60.0,0.98,3.3,3.8,2.08,2.09,2.05,,7.25,8.25,,,,5.71,5.47,5.5,35.01,34.0,33.0,2.4,2.5,2.5,19.3,15.22,15.0
2013-01,60.0,60.0,60.0,3.09,3.6,3.55,2.05,2.07,2.1,7.25,8.25,8.5,,,,5.68,5.5,5.15,34.0,33.1,32.5,2.3,2.5,2.5,15.5,16.0,12.0
2013-02,60.0,60.0,60.0,3.09,3.63,3.55,2.0,2.05,2.1,7.25,8.25,8.5,,,,5.7,5.5,5.24,34.3,33.2,32.5,2.3,2.4,2.5,15.0,15.1,16.77
2013-03,60.0,60.0,60.0,3.01,3.5,3.5,2.0,2.05,2.1,8.5,8.5,8.75,,,,5.71,5.68,5.4,34.5,33.1,32.5,2.2,2.3,2.45,12.4,12.65,13.0
2013-04,60.0,60.0,60.0,3.0,3.5,3.5,2.0,2.05,2.1,8.25,8.25,9.0,,,,5.7,5.76,5.41,34.75,34.0,32.5,2.0,2.0,2.3,10.0,10.4,11.4
2013-05,60.0,60.0,59.8,2.77,3.4,3.5,2.05,2.1,2.13,8.5,8.5,9.0,,,,5.8,5.8,5.5,35.0,34.9,33.95,1.7,1.55,2.0,8.3,9.8,11.35
2013-06,60.0,60.0,60.0,2.4,3.0,3.0,2.15,2.2,2.25,9.25,9.25,9.5,,,,5.87,5.88,5.5,35.0,35.0,34.1,1.8,1.58,2.0,6.0,7.35,10.5
2013-07,60.0,59.6,58.0,2.24,2.6,2.83,2.25,2.3,2.3,9.25,9.25,9.5,,,,5.75,5.85,5.5,35.0,34.9,34.6,1.7,1.45,2.0,6.0,8.92,10.0
2013-08,60.0,60.0,59.0,2.32,2.3,2.5,2.36,2.4,2.4,9.5,9.75,10.0,,,,5.83,5.84,5.5,35.0,34.85,34.08,1.7,1.4,2.0,3.0,8.0,10.0
2013-09,60.0,60.0,58.0,2.45,2.17,2.5,2.3,2.4,2.4,9.75,9.75,10.0,,,,5.82,5.97,5.5,34.6,34.5,34.15,1.7,1.5,2.05,2.0,10.0,11.0
2013-10,60.0,60.0,58.0,2.5,2.14,2.5,2.25,2.4,2.4,10.0,10.25,10.63,,,,5.83,5.92,5.5,34.55,34.55,34.0,1.72,1.5,2.0,1.8,8.5,11.7
2013-11,60.0,60.0,60.0,2.5,2.11,2.5,2.3,2.4,2.41,10.0,10.5,11.0,,,,5.81,5.92,5.5,34.6,34.5,34.0,1.7,1.5,2.0,1.3,7.85,11.7
2013-12,60.0,60.0,60.0,2.3,2.0,2.5,2.34,2.45,2.45,,10.5,11.25,,,,5.73,5.97,5.5,34.6,35.0,35.0,1.78,1.4,2.0,1.2,8.0,12.0
2014-01,58.0,60.0,60.0,1.91,2.2,3.0,2.47,2.51,2.55,11.0,11.88,10.75,,,,6.0,5.7,5.5,34.9,35.0,34.28,1.5,2.0,2.0,8.25,13.0,11.5
2014-02,58.0,55.0,59.8,1.7,2.0,2.8,2.49,2.55,2.56,11.13,12.0,10.75,,,,6.0,5.7,5.5,34.7,35.0,34.5,1.4,2.0,2.0,7.0,10.0,11.47
2014-03,60.0,55.0,55.0,1.65,2.0,2.8,2.46,2.55,2.56,11.25,12.0,10.88,,,,6.31,5.8,5.5,34.75,35.0,34.5,1.5,2.0,2.0,4.25,10.0,12.12
2014-04,60.0,55.0,57.5,1.65,1.96,2.66,2.45,2.51,2.58,11.25,12.0,11.0,,,,6.5,6.0,5.5,34.8,35.0,34.3,1.5,2.0,2.0,3.0,10.0,11.97
2014-05,60.0,55.0,55.0,1.5,1.85,2.5,2.4,2.5,2.57,11.0,12.0,11.0,,,,6.47,6.01,5.5,34.85,35.1,34.75,1.5,2.0,2.0,3.0,10.0,11.97
2014-06,60.0,55.6,57.5,1.07,1.5,2.5,2.4,2.5,2.55,11.0,12.0,11.0,,,,6.45,6.1,5.5,34.7,35.0,34.4,1.4,1.9,2.0,2.5,9.9,12.93
2014-07,60.0,55.0,55.0,0.86,1.5,2.5,2.35,2.5,2.55,11.0,12.0,11.0,,,,6.39,6.24,5.5,34.85,35.0,34.95,1.3,1.9,2.0,2.0,9.0,11.35
2014-08,60.0,55.0,56.0,0.52,1.1,2.32,2.35,2.5,2.57,11.0,11.75,10.75,,,,6.27,6.29,5.5,34.94,35.0,34.95,1.3,1.9,2.0,2.17,8.0,11.7
2014-09,60.0,57.0,60.0,0.26,1.0,2.32,2.4,2.5,2.56,11.0,11.5,11.0,,,,6.31,6.3,5.5,35.0,35.45,35.7,1.1,1.8,2.0,2.4,8.0,12.12
2014-10,60.0,60.0,60.0,0.24,1.0,2.0,2.45,2.55,2.63,11.0,12.0,11.0,,,,6.45,6.32,5.53,35.25,35.8,35.6,0.85,1.5,2.0,2.0,7.24,11.97
2014-11,60.0,58.0,60.0,0.19,0.77,2.0,2.55,2.67,2.67,11.5,12.0,11.25,,,,6.43,6.49,5.7,36.0,36.2,36.2,0.2,1.0,1.8,0.0,6.31,15.0
2014-12,60.0,60.0,60.0,0.15,0.5,1.8,2.65,2.8,2.8,11.5,12.5,11.5,,,,6.38,6.56,5.7,35.9,37.3,37.8,0.0,1.0,1.9,-2.0,5.0,10.0
2015-01,59.2,60.0,58.5,0.03,1.5,2.0,2.8,2.9,2.9,12.5,11.5,10.5,,,,7.01,5.6,5.41,37.0,37.0,36.2,1.15,2.0,2.0,5.0,10.51,15.0
2015-02,60.0,58.5,60.0,-0.58,1.5,2.0,2.91,3.0,3.0,13.0,11.5,10.5,,,,7.47,5.5,5.2,38.2,38.9,37.7,1.0,1.9,2.0,5.0,11.24,15.0
2015-03,56.0,57.4,60.0,-1.0,1.18,2.0,3.25,3.3,3.23,13.25,11.5,10.75,,,,8.18,5.6,5.0,38.0,38.9,38.0,0.95,1.8,2.0,4.0,11.0,19.1
2015-04,57.5,60.0,60.0,-1.18,1.0,2.0,3.2,3.3,3.33,13.5,11.5,10.63,,,,8.26,5.6,5.0,38.0,38.7,38.4,0.9,1.7,2.0,4.02,9.95,14.85
2015-05,66.0,65.0,70.0,-1.27,1.0,2.0,3.2,3.3,3.33,14.0,12.0,11.0,,,,8.39,5.5,4.9,37.9,38.5,38.25,0.8,1.7,2.0,3.0,10.0,16.15
2015-06,66.5,65.0,68.0,-1.5,0.5,1.8,3.22,3.4,3.4,14.5,12.0,11.0,,,,9.01,5.5,4.7,37.3,38.05,38.15,0.7,1.5,2.0,4.4,12.0,17.55
2015-07,66.0,65.0,68.0,-1.8,0.2,1.7,3.35,3.49,3.45,14.25,12.0,10.88,,,,9.25,5.4,4.7,37.0,38.5,38.9,0.5,1.2,1.8,6.4,14.79,20.0
2015-08,65.0,65.0,65.45,-2.31,-0.5,1.5,3.55,3.7,3.6,14.25,12.0,10.5,,,,9.28,5.51,4.6,36.3,38.85,39.65,0.0,0.5,1.1,8.0,16.9,28.0
2015-09,64.0,61.0,61.5,-2.82,-1.0,1.07,3.98,4.0,4.0,14.25,12.5,11.0,,,,9.49,5.89,4.83,36.1,39.35,41.03,-0.27,-0.2,0.95,12.0,24.0,30.0
2015-10,64.65,60.0,60.0,-3.05,-1.51,1.0,4.0,4.2,4.08,14.25,13.0,11.0,,,,9.91,6.29,5.0,35.8,39.3,40.25,-0.5,-0.4,0.7,14.0,26.3,30.0
2015-11,62.0,55.82,60.0,-3.2,-2.04,1.0,3.95,4.2,4.18,14.25,14.25,11.5,,,,10.39,6.64,5.14,35.5,39.9,41.0,-1.0,-0.7,0.5,15.0,31.58,34.2
2015-12,63.37,55.0,60.0,-3.71,-2.95,1.0,3.9,4.21,4.2,,15.25,12.5,,,,10.72,6.87,5.2,35.5,40.0,41.4,-1.25,-0.95,0.0,15.0,35.0,35.0
2016-01,55.0,60.0,60.0,-3.01,0.7,1.5,4.35,4.4,4.4,14.25,12.75,11.0,,,,7.26,5.8,5.2,40.0,43.0,42.5,-1.0,0.0,1.0,37.9,40.0,41.85
2016-02,55.0,55.0,60.0,-3.45,0.5,1.5,4.34,4.4,4.32,14.25,12.5,11.5,,,,7.57,6.0,5.4,41.05,44.9,45.0,-1.3,-0.5,0.0,39.85,40.0,42.6
2016-03,55.0,54.0,59.0,-3.71,0.3,1.5,4.0,4.1,4.2,13.75,12.38,11.0,,,,7.29,6.0,5.45,41.1,46.2,46.75,-1.5,-1.05,-0.5,44.8,50.0,45.2
2016-04,58.0,60.0,60.0,-3.89,0.4,1.55,3.72,3.91,4.0,13.25,11.75,11.0,,,,6.94,5.72,5.0,41.4,46.15,49.7,-1.7,-1.1,-0.6,48.0,50.0,45.0
2016-05,60.0,60.0,60.0,-3.84,0.61,2.0,3.7,3.85,3.96,12.88,11.25,10.75,,,,7.09,5.5,5.0,42.0,47.0,49.9,-1.77,-1.02,-0.5,50.0,50.0,45.0
2016-06,61.0,60.0,60.0,-3.39,1.0,2.0,3.5,3.7,3.78,13.25,11.0,10.5,,,,7.27,5.5,4.8,43.8,48.0,50.7,-2.26,-1.5,-0.5,50.76,50.0,45.0
2016-07,65.0,65.0,65.5,-3.24,1.1,2.0,3.3,3.5,3.64,13.5,11.0,10.25,,,,7.21,5.2,4.5,44.55,49.0,51.29,-2.5,-2.0,-1.0,51.1,50.0,45.0
2016-08,64.5,65.0,62.5,-3.22,1.28,2.0,3.27,3.45,3.6,13.75,11.25,10.5,,,,7.33,5.14,4.5,44.9,49.05,51.0,-2.6,-2.1,-1.2,50.0,49.81,39.6
2016-09,65.0,65.0,65.0,-3.14,1.3,2.01,3.25,3.4,3.55,13.75,11.0,10.0,,,,7.23,5.07,4.5,44.9,49.5,51.44,-2.6,-2.2,-1.18,49.47,45.92,40.0
2016-10,65.0,66.85,70.0,-3.3,1.21,2.38,3.2,3.39,3.5,13.5,10.75,10.0,,,,6.88,4.99,4.5,45.3,50.0,52.2,-2.6,-2.2,-1.3,48.0,44.5,40.0
2016-11,65.0,70.0,70.0,-3.42,0.88,2.5,3.35,3.43,3.5,13.75,10.75,10.0,,,,6.71,4.93,4.5,45.25,50.55,55.0,-2.6,-2.2,-1.4,47.0,44.57,40.6
2016-12,69.0,70.0,70.0,-3.49,0.5,2.3,3.35,3.48,3.5,,10.25,9.75,,,,6.38,4.87,4.5,45.2,50.74,54.5,-2.52,-2.2,-1.63,47.1,46.98,41.2
2017-01,70.0,71.93,72.25,0.46,2.2,2.5,3.4,3.5,3.56,9.5,9.0,9.0,,,,4.69,4.5,4.5,50.9,55.0,56.4,-2.3,-1.68,-0.7,45.5,40.25,38.1
2017-02,72.0,73.5,75.0,0.48,2.37,2.5,3.3,3.4,3.5,9.25,9.0,9.0,,,,4.36,4.5,4.5,51.6,55.0,57.31,-2.3,-1.64,-0.9,47.65,40.0,38.1
2017-03,75.0,74.5,75.0,0.47,2.5,2.5,3.25,3.4,3.5,8.75,8.5,8.75,,,,4.1,4.5,4.28,51.7,55.0,57.2,-2.3,-1.7,-1.0,50.07,41.9,39.05
2017-04,78.0,80.0,78.2,0.46,2.5,2.5,3.23,3.38,3.47,8.5,8.5,8.5,,,,4.03,4.3,4.25,51.4,55.0,57.0,-2.2,-1.8,-1.0,53.15,41.1,38.0
2017-05,78.57,75.0,75.75,0.46,2.43,2.5,3.3,3.4,3.48,8.5,8.5,8.5,,,,3.91,4.4,4.25,51.5,55.1,57.5,-2.2,-1.8,-1.0,56.0,43.06,40.0
2017-06,75.0,75.0,77.35,0.39,2.0,2.5,3.35,3.4,3.49,8.5,8.25,8.5,,,,3.46,4.25,4.25,51.53,55.17,57.38,-2.2,-1.8,-1.15,58.75,46.0,40.35
2017-07,75.0,75.0,75.75,0.34,2.0,2.5,3.29,3.4,3.47,7.5,7.5,8.25,,,,3.42,4.2,4.25,51.5,55.1,57.0,-2.2,-1.84,-1.1,60.0,47.0,40.5
2017-08,75.0,76.75,80.0,0.4,2.0,2.5,3.2,3.35,3.4,7.25,7.5,8.0,,,,3.39,4.19,4.25,52.0,55.65,57.8,-2.4,-2.17,-1.5,61.18,48.0,40.07
2017-09,75.0,75.0,80.0,0.7,2.38,2.5,3.16,3.3,3.36,7.0,7.0,8.0,,,,2.95,4.06,4.25,52.2,55.7,58.5,-2.4,-2.21,-1.8,62.0,50.0,42.5
2017-10,75.0,80.0,80.0,0.73,2.5,2.5,3.2,3.3,3.33,7.0,7.0,8.0,,,,3.08,4.02,4.25,52.28,55.81,58.23,-2.4,-2.2,-1.7,65.0,52.4,44.0
2017-11,80.0,80.0,80.0,0.75,2.61,2.7,3.25,3.3,3.37,7.0,7.0,8.0,,,,3.03,4.02,4.25,52.1,55.55,57.6,-2.4,-2.2,-1.68,65.75,52.5,46.5
2017-12,80.0,80.0,80.0,1.0,2.7,2.8,3.3,3.34,3.4,7.0,6.75,8.25,,,,2.78,3.96,4.25,52.1,55.7,57.85,-2.4,-2.2,-1.6,66.0,52.5,42.0
2018-01,80.0,80.0,80.0,2.69,2.89,2.5,3.3,3.4,3.46,6.75,8.0,8.0,77.44,80.8,82.15,3.95,4.25,4.0,55.4,57.6,59.9,-2.18,-1.5,-0.8,54.08,45.5,40.0
2018-02,80.0,80.0,80.0,2.9,3.0,2.5,3.3,3.37,3.45,6.75,8.0,8.0,76.4,79.0,80.8,3.73,4.25,4.0,55.2,57.8,59.4,-2.0,-1.42,-0.81,54.29,45.0,40.0
2018-03,80.0,80.0,83.5,2.84,3.0,2.5,3.3,3.4,3.47,6.25,8.0,8.0,76.39,79.05,80.8,3.54,4.08,4.0,55.0,57.4,59.35,-1.9,-1.3,-0.8,55.0,45.65,39.99
2018-04,75.0,80.0,83.5,2.75,3.0,2.5,3.35,3.4,3.47,6.25,8.0,8.0,75.85,78.7,80.8,3.49,4.04,4.0,55.0,57.0,59.5,-1.9,-1.3,-0.8,56.0,45.0,39.32
2018-05,75.0,80.0,80.0,2.3,3.0,2.5,3.5,3.5,3.51,6.5,8.0,8.0,76.0,78.35,80.3,3.62,4.01,4.0,55.0,57.0,59.2,-1.9,-1.35,-0.8,57.0,49.15,42.9
2018-06,70.0,76.6,79.0,1.55,2.5,2.5,3.7,3.6,3.6,6.5,8.0,8.0,76.5,79.0,81.35,4.03,4.1,4.0,55.0,58.0,59.6,-2.1,-1.5,-1.0,58.28,49.7,43.2
2018-07,67.0,72.0,76.0,1.5,2.5,2.5,3.7,3.7,3.7,6.5,8.0,8.0,76.3,78.55,80.4,4.1,4.1,4.0,54.6,58.0,59.6,-2.05,-1.5,-0.95,58.0,49.3,44.54
2018-08,67.0,74.0,77.0,1.44,2.5,2.5,3.8,3.7,3.67,6.5,8.0,8.0,76.8,78.6,80.4,4.16,4.11,4.0,54.25,57.6,60.9,-2.1,-1.55,-1.0,55.0,47.1,43.03
2018-09,67.0,75.65,77.0,1.35,2.5,2.5,3.89,3.83,3.75,6.5,8.0,8.19,76.85,78.9,80.5,4.3,4.2,4.0,54.26,57.95,59.95,-2.0,-1.5,-0.91,54.6,45.6,42.99
2018-10,67.0,70.0,76.0,1.36,2.5,2.5,3.7,3.79,3.77,6.5,8.0,8.0,77.0,78.85,80.4,4.42,4.22,4.0,53.9,56.85,58.55,-1.9,-1.5,-0.81,56.41,49.0,46.5
2018-11,70.0,76.0,83.5,1.32,2.53,2.5,3.75,3.8,3.8,6.5,7.75,8.0,77.0,79.0,80.33,3.89,4.11,4.0,54.0,57.03,58.9,-1.8,-1.5,-0.73,58.0,52.24,49.26
2018-12,75.0,79.5,84.44,1.3,2.53,2.5,3.85,3.8,3.8,6.5,7.13,8.0,77.0,78.95,80.3,3.69,4.01,4.0,54.0,56.4,58.6,-1.8,-1.4,-0.78,57.1,52.0,47.25
2019-01,80.0,80.0,82.0,2.5,2.5,2.5,3.75,3.78,3.8,6.5,8.0,8.0,79.0,80.3,81.3,4.0,4.0,3.75,56.0,57.88,59.0,-1.4,-0.68,-0.02,52.0,50.0,45.0
2019-02,80.0,83.76,87.42,2.46,2.8,2.5,3.7,3.75,3.8,6.5,8.0,8.0,78.9,80.0,81.0,3.85,4.0,3.75,56.15,58.35,59.55,-1.35,-0.7,-0.01,51.0,46.0,50.0
2019-03,81.89,83.38,89.0,1.98,2.75,2.5,3.7,3.75,3.8,6.5,7.5,8.0,78.9,79.72,81.15,3.89,4.0,3.75,56.2,58.2,59.4,-1.3,-0.76,-0.2,50.25,46.65,49.9
2019-04,82.0,84.68,87.71,1.56,2.5,2.5,3.75,3.8,3.85,6.5,7.5,8.0,79.07,80.0,81.0,4.02,4.0,3.75,56.22,58.3,60.0,-1.4,-0.8,-0.1,50.28,45.78,40.35
2019-05,82.65,84.36,88.0,1.13,2.5,2.5,3.8,3.8,3.85,6.5,7.25,8.0,78.7,79.75,81.55,4.03,4.0,3.75,56.28,58.55,60.45,-1.37,-0.9,-0.28,50.5,45.1,40.0
2019-06,85.0,84.36,88.0,0.85,2.2,2.5,3.8,3.8,3.84,5.5,6.0,7.5,79.0,79.9,81.36,3.8,3.91,3.75,56.19,58.55,60.88,-1.4,-1.0,-0.32,50.8,46.4,42.9
2019-07,85.0,85.56,88.21,0.82,2.1,2.5,3.75,3.8,3.85,5.5,5.5,7.0,79.1,80.29,81.05,3.8,3.9,3.75,56.1,58.7,61.3,-1.3,-1.0,-0.5,52.6,47.43,50.82
2019-08,85.0,84.68,87.42,0.87,2.1,2.5,3.85,3.82,3.88,5.0,5.25,7.0,79.0,79.2,81.05,3.59,3.85,3.75,56.39,58.5,60.53,-1.37,-1.0,-0.45,52.35,48.73,50.7
2019-09,83.2,83.2,84.0,0.87,2.0,2.5,4.0,3.91,3.92,4.75,5.0,6.5,79.01,79.6,80.65,3.43,3.78,3.75,56.3,58.15,59.8,-1.4,-1.13,-0.6,51.51,48.0,47.13
2019-10,80.0,80.0,83.2,0.92,2.03,2.5,4.0,4.0,3.95,4.5,4.5,6.38,78.8,79.15,81.05,3.3,3.6,3.75,56.2,58.15,61.0,-1.37,-1.0,-0.5,47.0,43.0,43.4
2019-11,75.0,80.0,81.8,0.99,2.22,2.5,4.1,4.01,4.0,4.5,4.5,6.0,78.55,78.7,80.0,3.52,3.6,3.75,56.7,58.3,60.45,-1.2,-1.1,-0.6,43.5,40.0,40.5
2019-12,76.13,80.0,83.8,1.17,2.3,2.5,4.1,4.09,4.0,4.5,4.5,6.5,78.4,78.7,79.08,4.09,3.61,3.75,56.1,58.0,59.0,-1.1,-1.1,-0.53,44.6,39.0,36.2
2020-01,80.0,84.5,85.0,2.3,2.5,2.5,4.1,4.05,4.1,4.25,6.0,6.5,78.08,78.81,79.0,3.4,3.75,3.5,56.9,58.0,59.05,-1.1,-0.5,-0.06,37.31,35.6,33.95
2020-02,80.0,84.05,85.05,2.17,2.5,2.5,4.2,4.15,4.15,4.25,5.75,6.5,77.05,77.1,77.3,3.19,3.75,3.5,56.9,57.82,59.0,-1.1,-0.5,-0.1,36.7,33.19,30.0
2020-03,80.0,81.0,85.0,-0.9,2.5,2.5,4.5,4.36,4.28,3.25,5.0,6.0,79.0,78.96,78.0,2.84,3.53,3.5,56.63,58.72,58.7,-1.5,-0.79,-0.3,35.0,35.6,34.7
2020-04,70.0,80.0,80.0,-3.76,3.2,2.5,5.0,4.75,4.5,2.75,3.75,5.5,86.5,85.75,85.75,1.97,3.3,3.5,62.1,64.98,64.75,-7.2,-1.9,-1.05,42.0,42.0,43.0
2020-05,64.0,75.0,80.0,-6.25,3.5,2.5,5.4,5.08,4.8,2.25,3.38,5.13,89.5,88.25,88.2,1.55,3.1,3.5,64.28,65.2,66.65,-8.0,-2.06,-1.3,45.5,45.0,44.83
2020-06,55.0,70.0,80.0,-6.6,3.5,2.5,5.2,5.0,4.8,2.0,3.0,5.0,92.05,91.8,91.65,1.63,3.0,3.5,66.3,68.06,67.5,-10.2,-2.3,-1.5,53.2,55.25,50.0
2020-07,53.75,65.96,78.5,-5.66,3.5,2.5,5.2,5.0,4.8,2.0,3.0,5.0,93.8,95.0,93.4,1.63,3.0,3.5,67.5,69.83,69.65,-11.66,-2.84,-2.03,55.0,53.31,50.0
2020-08,55.0,65.0,75.36,-5.2,3.5,2.5,5.25,5.0,4.85,2.0,3.0,4.5,94.05,95.0,94.3,1.78,3.0,3.5,67.25,69.65,71.2,-11.68,-2.5,-1.9,55.0,53.4,50.0
2020-09,53.76,67.0,78.5,-5.02,3.5,2.5,5.25,5.0,4.85,2.0,2.5,4.5,94.2,94.95,95.59,2.06,3.0,3.5,67.5,70.0,70.9,-12.0,-2.8,-1.9,55.65,55.0,47.42
2020-10,50.0,65.0,71.0,-4.81,3.34,2.5,5.45,5.2,5.0,2.0,2.75,4.5,94.15,95.1,96.7,3.02,3.11,3.5,67.4,70.0,71.5,-12.0,-3.0,-2.0,58.7,55.0,48.0
2020-11,43.15,60.0,70.0,-4.5,3.46,2.5,5.36,5.2,5.0,2.0,3.0,4.5,93.9,94.8,96.7,3.54,3.49,3.5,66.2,68.44,70.92,-11.5,-2.9,-2.01,58.0,57.0,50.0
2020-12,40.0,60.0,70.0,-4.36,3.4,2.5,5.15,5.0,4.9,2.0,3.0,4.5,92.0,93.1,95.04,4.38,3.32,3.5,64.6,66.3,67.71,-10.6,-3.0,-2.11,55.05,55.1,48.9
2021-01,60.0,70.0,80.0,3.5,2.5,2.5,5.01,5.0,4.86,3.5,5.0,6.0,88.45,90.0,89.95,3.53,3.5,3.25,64.45,65.8,68.15,-2.75,-2.08,-1.5,55.0,49.7,45.0
2021-02,55.0,64.4,70.0,3.29,2.5,2.5,5.1,5.03,5.0,4.0,5.0,6.0,88.86,90.12,91.6,3.87,3.5,3.25,64.55,65.65,67.4,-2.8,-2.0,-1.45,55.1,50.0,57.0
2021-03,55.0,62.2,67.4,3.1737,2.3315,2.5,5.35,5.25,5.0,5.0,6.0,6.5,88.8342,91.0,92.75,4.8147,3.5245,3.25,64.6,66.2,68.1,-3.0,-2.15,-1.6,55.0,51.0,55.45
2021-04,55.0,61.0,65.0,3.1413,2.3092,2.5,5.4,5.4,5.195,5.5,6.25,6.5,88.55,90.1,92.0,5.0392,3.6078,3.25,65.0,66.3,69.65,-3.1,-2.0,-1.2,64.0,56.5,55.45
2021-05,58.15,65.35,70.0,4.0,2.3023,2.5,5.3,5.3,5.195,5.75,6.5,6.5,86.74,89.6,89.5,5.3943,3.678,3.25,63.1,65.5,67.0,-2.95,-2.0,-1.11,68.0,60.0,57.0
2021-06,57.0,67.95,72.0,5.1742,2.1119,2.5,5.075,5.2,5.0501,6.5,6.625,6.5,83.8,85.0,86.1,6.0,3.7833,3.25,61.6,63.6,66.0,-2.445,-1.7,-1.1,68.118,60.0,61.4636
2021-07,53.75,67.5,72.0,5.2993,2.1,2.5,5.1,5.2,5.0,7.0,7.0,6.5,83.0,84.35,85.8,6.7938,3.8147,3.25,61.5,63.3,64.9,-1.95,-1.5,-0.7,70.37,63.5,60.85
2021-08,54.0,65.0,70.18,5.2224,2.0,2.5,5.17,5.2,5.05,7.5,7.5,6.5,82.0,83.5,85.0,7.375,3.949,3.25,61.15,63.073,65.0,-1.5663,-1.1,-0.7,70.4,61.7,58.1
2021-09,50.0,62.0,70.0,5.0374,1.5682,2.2,5.2,5.24,5.1,8.25,8.5,6.75,82.0,83.4,84.25,8.4943,4.1234,3.25,60.9,62.973,64.4,-1.5,-1.0,-0.55,70.85,63.0,57.5
2021-10,50.0,60.0,70.0,4.9366,1.1984,2.0,5.5,5.5,5.25,9.25,10.25,7.25,81.5,83.4907,85.0,9.1702,4.546,3.27,60.3,63.0,65.005,-1.2,-1.2,-0.65,70.1,63.0,56.6721
2021-11,50.0,58.1,70.0,4.7797,0.6,2.0,5.5,5.5,5.301,9.25,11.25,8.0,81.8,83.5,85.1,10.1698,5.0,3.49,59.6,63.2,65.15,-0.6866,-1.2,-0.8,70.0,64.55,59.0
2021-12,52.0,58.05,70.0,4.5031,0.3607,1.7978,5.65,5.6,5.4,9.25,11.5,8.0,81.0,84.0,86.1,10.0064,5.0302,3.41,58.75,63.0,65.2,-0.1278,-1.05,-0.7,59.1457,55.0,51.0
2022-01,60.0,70.0,78.9,0.3,1.55,2.0,5.6,5.5,5.4,11.75,8.0,7.0,84.0,86.435,88.62,5.4179,3.5,3.0,62.0,66.2123,68.775,-1.0,-0.6,-0.3,56.0,51.0,50.0
2022-02,60.0,69.6778,79.5,0.3,1.5,2.0,5.5,5.3146,5.3,12.25,8.001,7.25,83.3343,85.0,86.0,5.6036,3.5144,3.1,60.5,63.925,65.7,-0.8,-0.5,-0.2,64.062,51.5991,52.0276
2022-03,59.0,69.0,79.5,0.5058,1.2984,2.0,5.215,5.2,5.2,13.0,9.0,7.5,81.61,84.0,85.66,6.9168,3.8034,3.2,60.3,63.525,65.0,-0.5,-0.5,-0.15,67.1,54.0,53.0
2022-04,60.0,67.3,74.91,0.7003,1.0,2.0,5.0,5.04,5.002,13.25,9.25,7.5,81.0,83.8,85.42,7.8942,4.0963,3.2,60.3609,64.0736,65.1,-0.27,-0.45,-0.2,69.5,60.0,53.0
2022-05,59.0,66.15,72.5,1.1885,0.8,2.0,5.0456,5.04,5.0365,13.25,9.75,7.5,79.55,82.4,83.7,8.7936,4.3612,3.25,60.14,63.95,65.1,0.1,-0.35,-0.225,70.5,60.0,53.0
2022-06,60.0,65.0,70.0,1.5074,0.5,1.81,5.085,5.1,5.0771,13.75,10.5,7.75,79.1,81.4,83.59,8.0733,5.0,3.25,59.0,62.0,63.0,0.1,-0.1,0.0,68.36,60.0,50.753
2022-07,56.25,60.5,70.0,1.9717,0.4,1.7,5.2,5.2,5.1,13.75,11.0,8.0,79.0,82.0,83.9185,7.1517,5.3346,3.3,59.15,63.8,64.55,0.3,-0.3,0.0,67.2,60.0,52.85
2022-08,60.0,65.5,70.0,2.0959,0.3757,1.81,5.2,5.2,5.1,13.75,11.0,8.0,78.95,82.0,83.95,6.6661,5.3,3.42,59.0,63.5,65.0,0.3,-0.5,0.0,68.0,60.0,51.88
2022-09,65.0,65.0,70.0,2.7,0.53,1.7,5.2,5.2,5.1,13.75,11.25,8.0,77.9,81.7,83.4,5.7427,5.0,3.5,58.4,63.2321,65.2,0.9,-0.5,0.0,61.5,60.0,52.7
2022-10,75.0,75.0,75.0,2.7622,0.6787,1.8,5.2,5.2,5.12,13.75,11.25,8.0,77.7,81.9873,83.4,5.6031,4.9371,3.5,58.7,63.0,65.0,1.0,-0.5,0.0,57.775,56.01,50.28
2022-11,79.5,75.0,80.0,2.8128,0.7136,1.7,5.2721,5.25,5.205,13.75,11.5,8.25,77.0,81.0,83.5,5.9116,5.0186,3.5,57.7,61.4967,64.5,1.245,-0.8,-0.35,55.0,56.6,51.5
2022-12,81.6,80.0,80.0,3.0392,0.8,1.5,5.25,5.27,5.26,13.75,12.25,9.0,75.4,80.05,83.65,5.62,5.3128,3.65,57.5,61.95,64.0,1.2,-1.2,-1.0,56.9,58.0,53.0
2023-01,80.0,80.0,83.6,0.7876,1.5,1.9,5.25,5.3,5.3,12.5,9.5,8.625,79.0,82.0,83.7,5.7543,3.9069,3.5,61.4,64.39,66.7,-1.1,-1.0,-0.45,56.605,53.9,56.2
2023-02,80.0,80.0,80.0,0.83,1.5,1.8,5.25,5.3,5.3,12.75,10.0625,9.0,78.0,81.0,82.5,5.9017,4.0216,3.8,61.0,64.0,66.0,-1.0,-0.775,-0.4,57.0,53.0,58.2
2023-03,80.0,80.0,80.0,0.9,1.48,1.8,5.25,5.3,5.3,12.75,10.0,9.0,77.5,80.8,82.115,5.9559,4.1335,4.0,61.15,64.5,66.9,-1.005,-0.8,-0.5,55.0,52.44,55.0
2023-04,80.0,80.0,81.5,0.9972,1.4131,1.8,5.2,5.25,5.3,12.5,10.0,9.0,77.05,80.285,82.05,6.0501,4.1766,4.0,60.55,64.0,67.0,-1.0,-0.8,-0.4,60.0,54.6,55.0
2023-05,80.0,80.0,81.8,1.2849,1.3,1.7,5.1,5.165,5.2,12.5,10.0,9.0,77.0,80.33,82.35,5.7019,4.1251,4.0,61.0,64.45,66.75,-1.1,-0.7,-0.37,59.8,55.0,59.5
2023-06,79.5,80.0,81.0,2.1874,1.275,1.8098,5.0,5.0767,5.165,12.0,9.5,9.0,76.65,79.4,82.05,4.9758,3.92,3.6,60.6,64.0,65.8501,-1.015,-0.8001,-0.5,63.7599,55.6545,57.295
2023-07,80.0,80.0,81.6,2.2369,1.2998,1.9,4.905,5.0,5.08,12.0,9.25,8.75,76.6,79.3136,81.9,4.8403,3.8925,3.5,60.5,63.95,65.55,-1.0,-0.8,-0.6,66.5,60.0,59.595
2023-08,80.0,80.0,81.8,2.313,1.3081,1.9,4.9814,5.0016,5.1,11.75,9.0,8.5,76.7,79.2271,81.4,4.9241,3.8711,3.5,60.55,63.95,66.0,-1.0,-0.71,-0.5,73.0,60.0,59.59
2023-09,80.0,80.0,83.4,2.9165,1.5,1.9,4.95,5.015,5.1,11.75,9.0,8.5,76.0,78.15,80.4,4.86,3.871,3.5,60.5,63.9,65.5,-1.1,-0.75,-0.6,72.1,60.95,60.0
2023-10,71.75,80.0,80.0,2.892,1.5,1.9,5.0,5.057,5.1,11.75,9.1251,8.625,76.0,78.4,80.0,4.6266,3.9077,3.5,60.75,63.8,66.0,-1.1,-0.8,-0.6,75.15,61.8,60.0
2023-11,62.8,70.0,80.0,2.85,1.5,1.915,5.0,5.04,5.1,11.75,9.25,8.625,76.0,78.7729,80.9,4.5379,3.9182,3.5,61.0,63.89,66.0,-1.1,-0.8,-0.6,78.4,67.2,61.4
2023-12,59.0,65.0,70.0,2.9221,1.5198,2.0,4.9,5.0,5.03,11.75,9.0,8.5,76.0,78.71,81.0,4.4569,3.9,3.5,61.05,64.45,66.2,-1.5,-0.8,-0.6,81.3,70.5,66.59
2024-01,69.84,75.65,80.0,1.6,2.0,2.0,4.92,5.0,5.05,9.0,8.5,8.5,77.9,80.4787,83.12,3.8137,3.5,3.5,63.6,66.0,68.65,-0.8,-0.6,-0.5,78.45,70.0,71.5
2024-02,68.92,75.0,80.0,1.7565,2.0,2.0,4.93,5.0,5.04,9.0,8.5,8.5,77.8,80.0,82.41,3.8,3.517,3.5,63.74,66.5,68.65,-0.78,-0.6,-0.5,80.95,72.05,77.8
2024-03,65.0,73.1,80.0,1.89,2.0,2.0,4.95,5.0,5.04,9.0,8.5,8.5,77.7,79.9,82.3,3.7506,3.51,3.5,63.85,66.415,68.6,-0.7026,-0.6,-0.5,82.0,74.55,77.0
2024-04,67.0,73.4,80.0,1.9493,2.0,2.0,4.9653,5.0,5.033,9.125,8.5,8.5,77.7,79.9,82.3,3.7093,3.5561,3.5,63.768,66.2708,68.0,-0.7,-0.6,-0.5,79.75,75.0,77.4
